temp_celsius,smoke_obscuration,electrical_load_kw,fuel_flow_rate,engine_vibration,risk_level
49.963209507789,0.9256646441930982,204.6822734943624,35.27163473940041,0.6147962904552335,0
96.05714451279329,2.7095047368917906,198.79151962879993,40.85066287361175,0.8248890963699876,1
78.5595153449124,4.364729179382041,462.50183220841467,16.271055445662455,0.7841448368111431,1
67.89267873576293,3.661124432047806,199.81847993980244,33.119334482314954,0.23850991422439632,0
32.48149123539492,4.032805739307249,208.7798904514524,30.72856924146869,0.23432452276732652,0
32.47956162689621,3.293916833553587,403.75930496718547,42.4773669554722,0.34135693097042197,1
24.64668897345596,3.4613828225892624,279.895936980216,45.77391772165672,0.42496725370693356,1
89.29409166199481,4.2459782578265965,410.6842227820725,5.547054716482406,0.46761002326763434,2
68.0892009394567,1.2483400442959298,126.14646302575409,35.33089635764567,0.7117274951500108,0
76.64580622368364,2.4471248182157024,295.02847746935373,7.332610960387806,0.15101238894925187,1
21.646759543664196,1.1060472090980111,113.44544007331305,29.698639928481015,0.13120543380345975,0
97.59278817295954,4.938340039983235,125.0612813821418,17.94347280696552,0.4527195066495181,2
86.59541126403374,4.720296698433066,462.57498133776437,18.804946978496353,0.7274473229241825,2
36.987128854262096,0.1971340568425295,155.69814844703808,20.883132655356047,0.2740918086608343,0
34.54599737656805,3.5278758625784423,312.96827291008685,32.95816020723245,0.6773540331306265,0
34.6723607882747,4.626241587078329,264.4382410402826,20.032248455094614,0.33384532414626955,0
44.33937943676302,0.9028767256366677,238.93733050353708,37.97145727656262,0.8974774979321647,0
61.98051453057903,2.839726152763147,459.933338274909,23.203732350824136,0.9061209498399548,0
54.55560149136926,4.577441487940209,108.7293587101958,8.075894013948137,0.3675584838531939,0
43.298331215843355,0.1697298929289942,365.51587447023564,40.26919291178483,0.30699437856691647,1
68.94823157779035,3.4871013362341996,485.35777368542017,17.85912460667177,0.4701735748596082,0
31.15950885216335,1.4867450368627537,324.0672733847368,24.474509581966817,0.3164784266621339,0
43.37157188281745,4.621980976882652,474.7289848132367,35.844974744985564,0.7051454589625332,0
49.308947463495336,4.855291225826839,120.9031517144095,19.96052707169204,0.843458216093457,0
56.48559873736288,4.721332445567169,267.5173276296646,7.546354526602203,0.7057829178200953,0
82.81407691144109,2.371071083287319,204.06311638482046,21.826447115576613,0.8419154025244145,1
35.97390257266878,4.310213254946567,392.32838599229194,47.50018622124365,0.45729294598672676,1
61.13875507308893,4.222746992675352,492.51883619889867,33.87804787843512,0.2406852736379748,0
67.39316550896339,1.5955023662162782,202.61202497769912,35.21656169002431,0.7641558526578329,0
23.71603301759982,4.144577370753387,361.6698405896298,33.45269691369379,0.4244270546273985,0
68.60358815211507,0.1850381735774631,179.23905310389605,13.954646253174655,0.7041437427062193,0
33.64192989498332,2.981349392410265,326.13210182864395,23.825023884602604,0.3435795477835891,0
25.20412743882236,1.1500441864385151,285.5729946753345,38.792290926349324,0.1731066713260054,0
95.91084298026666,0.602834428886394,488.8021318526148,9.561780389892162,0.993323615938987,2
97.25056264596475,0.3847660081460458,343.41090907858666,17.503374924037054,0.24058135713753936,1
84.67178784931689,3.4814438793906985,239.8025488347275,17.434359880963413,0.9895788945671329,1
44.36910153386965,1.6993748188403308,145.63831395517334,24.44085174175277,0.9795519393098026,0
27.81376912051071,3.6238338576438074,160.49873149397382,49.116593342398325,0.8144362935172357,1
74.73864212097254,0.32678170399471185,190.12677198049403,8.037614600771988,0.6934806658737979,1
55.21219949916811,1.5764516891530516,200.3866645361192,28.341544747126775,0.6200263452259762,0
29.763058787582306,2.697456461876686,440.2464231364551,13.07141069054947,0.8794913908400512,0
59.614152808901615,3.953615824194818,324.48911531300996,48.68044454343848,0.36049556945753913,1
22.75108168921747,1.5937625146603496,309.35636454974656,10.09865771273589,0.5209130912363894,0
92.74563216630257,3.1294568821850453,145.90754874768697,23.162045106271606,0.6574509724298517,2
40.70239852800135,4.429888741180935,444.055877339774,38.204824317557275,0.470071428282542,0
73.00178274831856,3.0793159409115227,389.1257212833935,36.704949261235036,0.48473780868124117,1
44.93688608715288,1.164797373768169,127.06734476000064,24.02278866022695,0.39725620075187595,0
61.605441694224865,0.1220039077826901,383.1340388919075,20.59358755787232,0.6078086350160824,0
63.73682234746237,4.350494369504649,317.41528693705845,22.892557034879175,0.8655170752136044,0
34.788356442042165,0.10634705425193569,132.6901382987113,16.89243184213877,0.28137554020568156,0
97.56677022116469,4.3735083634209975,283.3202566114626,14.239982241805992,0.9409897348780972,2
82.01062586888916,2.64468567013606,293.8785148520188,26.736786390150048,0.7201788883734067,1
95.15991532513513,4.695338492564481,166.30981606531032,17.08401902304233,0.8409458914120271,2
91.5861880342119,3.993916178868327,478.2792588001129,17.935774920376254,0.6005716233670104,2
67.83199830488681,4.989670552666688,439.99014859226475,34.55402285635507,0.8015650312816571,0
93.74993880184934,1.7535590772585508,367.6089349316433,48.584179926495146,0.11458035760552049,1
27.07940016415356,3.8359414446556346,284.9182244002429,32.16367402517188,0.8365423823015817,0
35.67862899353162,2.009654568046211,264.70621663380336,8.464076017923482,0.13612497317682987,0
23.618183112843045,2.3993781015195443,360.38938686038165,8.401262623433015,0.9009220387265763,0
46.02642646106115,3.1375273160918504,318.1727477627622,47.81404493805047,0.992766472514779,1
51.09418317515856,4.368385570931694,124.90924235275425,18.378085563830012,0.3646607159591001,0
41.70792254191167,4.9204173459964755,305.0010595081327,9.143014373711395,0.2892867006572143,0
86.29900073215435,3.841367069322591,422.5614468931358,31.95700642176717,0.7888270274722367,2
48.540266135487144,2.088833910836669,283.6959510387832,33.06419502306197,0.32772370682822793,0
42.47476077499046,2.106785011385351,120.78263102170737,34.18271690534097,0.8790061448549831,0
63.41568665265988,3.6879115079444573,414.5112797536132,17.033091253589358,0.19255833294172903,0
31.27393799798101,1.1938857288415117,180.54551285438976,5.679980789651377,0.21335967674142242,0
84.17575846032318,0.5523705656569733,203.4483339552155,48.425691625451236,0.981236399590554,1
25.964051494381664,1.7731107882038826,165.88254137291835,16.29018705609961,0.7064550084430041,0
98.95095492804138,1.4361949582704088,232.08602594859903,35.42118296236464,0.8621985019860575,1
81.77958154373259,1.4815406022799504,402.700602275454,36.79834414454193,0.3918964396163662,1
35.89725452273379,1.1680387552495497,307.7543438015749,32.450333768576854,0.708835374568544,0
20.441769369888192,0.21046594818180941,181.95250966028502,19.08083273961417,0.6348176445777375,0
85.23691427638673,0.08936967366706905,451.13203126081635,17.199331419382958,0.6428351081106523,1
76.54858750780937,4.938611948680157,451.8327419806117,31.89507272162164,0.7142792135839494,1
78.32057344327899,2.138865668679312,448.23137001840274,43.97430351252612,0.6178232558161887,1
81.70162773487566,1.9216332357984083,195.51848455261572,47.6030178015528,0.4861561323723994,1
25.92357213872723,3.3982364134653493,280.49573767239525,9.765761198169093,0.34833042494249217,0
48.67725828354181,1.0912694393253208,493.99586245635004,11.967287566897394,0.7917231978218818,0
29.269524762010377,4.749805919751127,408.80499052399614,47.51313164523859,0.3036451870028676,1
89.04827407004748,3.9317250720777603,110.86696849022393,38.14408527506566,0.7231188755389728,2
69.86385014620464,0.44705501156129757,126.08183650419681,44.734722117339786,0.309999540384394,1
46.471841988211935,2.087903878924642,285.5725507249331,14.118468536090441,0.6627971529590085,0
25.084668022881893,4.395591537810823,463.68808234462404,31.441364199923083,0.772370440416126,0
44.878585737252976,4.723660111457051,315.4807191810857,36.55128174878631,0.2968425000158853,0
46.014665762139764,2.3370075562493486,299.1250032137161,35.60503484511377,0.15394897077517747,0
78.36849426704512,3.0670569460535386,142.18947998265224,23.366826089001414,0.21787636869475668,1
71.00459770841705,0.8351697304603761,362.7120418897176,5.692770126108881,0.6453972705439229,1
90.97701940610612,4.955843130684883,428.8412642400902,31.23167255619184,0.8645017656031619,2
57.777194012955945,1.1583585069172169,252.16800300302492,16.389569263082393,0.14049713911188194,0
29.567539675064136,4.713658870675628,410.244740370131,25.261441076430064,0.7607361331374816,0
77.0595829778396,3.2482332449618423,485.7906615603246,48.09114567877178,0.40718678135504693,1
80.8628038893518,3.0386839743942957,181.50658365107563,22.956589293909563,0.5306755329275703,1
64.9021758055597,2.563442555082543,309.3318524778965,42.7910722998992,0.9359735948610091,1
81.67737439636488,1.1533490585887933,214.85518323383022,13.4843272587163,0.39877435426226093,1
59.50364770915126,0.8826401600275413,417.14176761353576,35.260722411126295,0.5188032405455375,0
61.818626350559526,1.1024310453508768,331.03734635246303,48.96531294975246,0.112314173284613,1
54.20328146868397,0.9321913107212726,353.8329670201215,9.585189539282155,0.17343884800435455,0
22.033530139527613,3.8979223678337664,419.16566384635763,5.374397400223641,0.33273243202130565,0
28.631314159464356,1.7506262958336505,258.38818906498193,24.511225668467645,0.12506701673896697,0
22.51433485493874,0.28921338281698183,466.03602736281726,9.168146737311524,0.6682377934434258,0
70.91283290110243,4.845513150704057,313.211546898456,38.67729573543041,0.48375852112146034,1
45.148478486106136,4.4189294248171285,163.1819291341392,46.15468987318515,0.5933306824552198,1
60.685655293176225,4.638761415976065,378.359647267521,24.530943771894147,0.2571824673066966,0
92.60531791408744,4.974539113232177,417.3045401753018,16.642023896994843,0.3663388264929546,2
39.94337833191,0.8694762460974365,226.70467082701066,24.54814935529744,0.6974420273674526,0
52.830633842850375,1.9812100945132938,442.8717027995012,37.55515180325005,0.9687724512673598,0
80.4440910834439,3.7911923785204564,462.45730190630655,5.407437271116694,0.1453750962419883,1
38.3038532393298,3.480103090268961,210.7617949511236,31.525429526811372,0.9013458887697394,0
26.158392786303438,0.7694795316992753,493.4085890860888,32.59812581993206,0.6191930811800876,0
43.180116233101444,4.079165624953089,156.28461121950338,33.695971110317096,0.6075276100800613,0
32.897702980320354,1.1222028591833033,180.806267360996,15.890993599139474,0.5502506816869843,0
94.37581218740584,1.1190880741131153,173.68993569521047,37.1323725520157,0.16245467731376506,1
84.64963036515336,2.6848721144670677,457.59588400314817,9.112616884929938,0.1808891665625446,1
70.67230052083389,2.9646996742085157,361.71702092998476,13.967165141006037,0.6408208050931775,1
89.71684721501742,2.9004310391890558,160.84171328890915,44.48615209945169,0.4068627142920025,1
84.29376615192916,0.45743418698877436,276.12936734733955,38.24254178269548,0.9255412599199127,1
34.925604710882865,4.387304313151902,346.1192100279208,5.618549930510536,0.4659314836235251,0
91.40471987919823,1.3280002129435302,133.38563399575332,16.176931716641008,0.228953312832377,1
63.147379353252056,0.6475746064140209,452.9665473629355,14.648291734692405,0.7432469501518324,0
84.595212413125,4.443740399344886,421.44141417661405,17.186284761663764,0.3640180792969089,1
91.68730399387945,4.778257491148767,302.0827094306553,16.14018966259489,0.5729232766203038,2
45.44027799774911,4.310638086327253,486.85064610366817,7.813683308428058,0.728049506954653,0
28.80415396221414,4.04758037362439,267.10439171003986,25.652323246856916,0.9102377000818633,0
38.234813003355335,3.2762099031951086,493.64412761459914,37.97300636537743,0.8129720753215085,0
54.1686230901005,2.7542868530456968,367.16799952145084,32.302927612284634,0.7087249610854517,0
85.44118127379944,0.4349337995570507,353.8685093015766,35.27922508691359,0.7116698641556293,1
88.85844666050747,2.0422660653534934,166.381958118314,8.651713034130761,0.9513321796288778,1
20.556170442495258,1.86344258506157,452.7711033218576,47.81708195795542,0.3662416877468825,1
60.85978420620526,1.2987689188016311,270.9958751682461,42.73213252293612,0.10100088477656867,1
53.39288025190232,3.6171005684429245,164.89336231299174,41.22906433230482,0.3447591034583788,1
37.76862483765842,2.4793786753938543,105.04300799030362,42.03427122687954,0.2961022416640696,1
29.589229386694626,0.40523107953823967,323.902273455353,46.97197286597426,0.6956511266025983,1
47.00921371229023,1.1009160097490567,310.95984884907057,29.491428475116397,0.6703404397889762,0
95.43277631300154,3.4162938182979796,387.7414489476634,14.012690804043165,0.6341152444342514,2
45.856234561660415,0.3806542974515009,456.10322120712084,32.75526235336435,0.11461909888850834,0
61.50324973946929,4.256034570243844,131.76263385721182,38.42966721505726,0.7559002490055827,0
76.24151671161422,2.4757326350698716,392.5985961361449,38.20628270093114,0.3911773712369424,1
49.09036819034352,2.40293288663324,174.9647776390329,28.465206087509603,0.698550390105968,0
97.74256661767686,2.962038923297588,443.2708212628656,8.080642370011013,0.600920585651938,1
96.99578359536889,4.123404829625746,427.62540554466244,21.70008222935575,0.4084578328851165,2
40.14258366602913,1.7390460395109653,316.31750199421776,46.43449738085108,0.221118640393697,1
59.77988047139084,3.390080762795318,384.0971194493246,31.30020093908417,0.18497700789443286,0
44.07026478534157,2.8286598199789554,225.74004527349936,29.224937446507106,0.8483664998010012,0
42.78723955019741,1.3351413508471066,288.46715957312585,17.098408147198707,0.9265577878734021,0
22.950955788362624,4.39314993177579,428.65475908418864,21.58020139624605,0.6848092420878696,0
68.76514671839175,3.9871301080346404,283.70607886928553,45.290574011892616,0.19309070337443504,1
60.21432185830892,3.2922591732921274,243.1193061301767,34.990837138707604,0.4618244951994167,0
24.118300099999146,4.2529086454712095,297.68497890012,40.43241620385498,0.7560452800946414,1
42.29171713892892,4.336471004799012,431.29970097488734,25.44554403804448,0.8018387956090612,0
92.6612708773323,3.541814883575174,234.0832189483491,33.36112487552711,0.20639676006197974,2
39.16495125335779,4.18506664181836,169.5046372542975,16.177262393444337,0.10002764696084418,0
31.591589767297847,3.487357308346418,384.80560813231233,36.745737362756884,0.7409233412925444,0
59.15622082220504,3.400703858801502,430.39128508323273,24.24206001665018,0.42093655838758504,0
98.85203632884806,3.0930568910759213,140.25499140941332,24.91454816666355,0.32903319845643425,2
39.364421720920035,3.763583197788206,195.94964510237787,34.21950460595967,0.1116077228105729,0
73.77084379247029,0.7930255264653685,156.78879590439755,47.1326279661017,0.5862694660853497,1
80.9295692262974,4.404353795994642,239.17656463286664,7.8802855973879415,0.8660356618833835,1
39.01100351939198,4.35921763872616,280.14039156216506,42.11344568061534,0.9618684816453291,1
78.25730788894876,0.14623641517279573,399.5305347853226,18.15723996854869,0.6091704555519603,1
49.422650617540256,4.129083752823814,360.45903395266964,24.976375452787003,0.5630151949659048,0
70.58446644748636,0.644349337367226,348.37142699137246,5.986099794875403,0.176550746940317,1
70.68237686087159,1.6755942712957095,240.94997864386175,18.547073502544087,0.5939855213883398,1
62.86197472598068,3.717541281458039,436.579021233904,27.618405918355872,0.44198117106885515,0
27.223181604352664,0.803799480241541,288.5148669592658,7.5279234806347555,0.6464217527952192,0
86.82419964713904,4.0898351205953105,491.64197520606183,27.09930782224243,0.449853713088892,2
45.66240519773886,4.16067088978871,353.65685531829473,46.71997829862923,0.3162692111053301,1
34.92148083198834,2.537338668804181,150.50589662580109,9.742694814851234,0.18546874770553884,0
23.262011324381113,0.0319293585841679,370.4710248301736,39.3998327633977,0.3834266001300062,0
67.27143545505935,1.435190665874564,230.0416061726796,23.43519740191967,0.18698035085897707,0
74.2051489473826,3.084634591878711,374.53087867443895,34.48281715359521,0.25920725574158554,1
21.32702631422849,4.9059308901371175,127.8564592649623,16.71064690933532,0.9886025427215913,0
60.96744466394248,3.1590676350833418,169.95257487038376,12.177151814361123,0.49969320121595673,0
38.11966201583503,1.2990179053207989,442.2949035623145,12.22081764220519,0.5786845898545149,0
71.61382323275599,3.170028515498057,190.87182280940596,8.172137553941509,0.8862566758634938,1
33.94931432039932,2.6999268985792773,434.816450097176,13.354101720555937,0.996012010441619,0
75.27501904819728,3.899226975755718,211.71043538176417,34.88987232450357,0.6244430044102134,1
50.93882770404299,0.534903194134792,357.1527640234831,44.67607753295786,0.8312264389397545,1
94.93839909893876,3.80513951251014,377.6602294039324,41.63565585160228,0.3942469219030078,2
31.00167553167946,2.7063328933805515,305.0619012580212,35.831043944351784,0.375169561702562,0
47.285308084020684,4.814960019294973,222.1242706786925,9.96943385349962,0.46243334889510423,0
29.077881699247126,1.7093608301934304,185.05775054843843,18.013435083317745,0.7052565364062842,0
93.97548946228503,3.1631094656697405,113.27574182497048,18.941309389511105,0.7139725203295889,2
90.18714827047847,4.660140527550087,221.57856049628953,16.248062587892953,0.38371549118450576,2
40.63533021721245,0.5125486399533963,361.2651162125132,28.17525468693754,0.2198889317229658,0
72.79872368273432,4.686142436182256,475.32192737939306,29.099921669585267,0.6691566308189577,1
85.37777601609727,3.439428611504067,448.4817929052208,21.05986888269996,0.21549327596988807,2
64.416064927957,0.3391852955258595,406.42591061412105,20.92051214313962,0.620643257406397,0
62.37204626848052,1.5048178347340813,415.37893730131947,42.28500190577366,0.724079915250678,1
39.34818327203614,3.540860443226408,365.9939613903981,40.51817817438585,0.7305503467550065,1
27.44822142447194,0.3367530073438585,204.1147430264012,18.850812425633556,0.7781248995936371,0
91.77726063626613,2.9108523008813663,462.87801228233195,46.12047997429667,0.885573479409098,2
92.03344457306643,1.7294152847647837,368.2929247623336,47.87667576511277,0.5499630927683096,1
70.64811658186144,3.1045775888373854,324.17625239217597,19.703414391351835,0.757224270576614,1
47.122383283896056,0.22871016906256425,144.39578768539243,20.94912269568747,0.6572554618292531,0
47.93676596901287,4.357684030761881,278.82221752257016,27.75353690398815,0.2679759458179143,0
78.07645430961915,4.867444845886984,284.14330848077054,47.35043656401531,0.12312068038246736,1
91.76882079620617,4.8443892764284575,445.82544380906796,44.43437449140402,0.35608724710924045,2
90.96691394120938,3.7482591587146237,318.6592880751154,9.615558316261541,0.4987303357038575,2
82.3900436686099,0.6504312006531598,252.16021958816387,22.672883447213728,0.6553953499857906,1
71.36253169234303,3.791315979645113,490.7201314042637,29.90170353873973,0.8649633974528849,1
26.731197199603905,0.12293458229400755,144.28823733052627,27.640961264819303,0.2766211450355491,0
32.930297127569105,0.11061775764498627,269.0193713247778,13.72383805716017,0.21299481090862937,0
91.88433508216634,1.6180510957477061,116.80987006856212,43.64675470256696,0.9671319527268948,1
68.5143247727672,2.443215952023329,395.96164830677213,35.462335234857676,0.1972401034387664,0
20.73576412933037,3.852037089038966,467.23062087966025,42.70587686833116,0.5306419630964703,1
28.11772342928257,3.416476883032526,212.01493182019578,43.64439257072625,0.6270073559139717,1
73.08014152864446,2.229513531883742,443.33667071964834,38.67601341495829,0.5872369788166945,1
20.404926707697495,1.3681333314083295,216.8872921847591,24.76447705623728,0.17742894132964887,0
32.86464411339989,4.985622500788556,464.3080646575661,32.47460397569411,0.15132422260325745,0
63.89870314932689,2.1309065111798646,401.5847614387136,12.216443275388443,0.1949350847149321,0
75.35161581541546,2.2569351216483775,421.96271073657545,35.314043786370846,0.6270289154853512,1
72.15690076020805,0.8181191059583459,107.2026222401818,13.066396508267633,0.589910398870889,1
37.941544756844785,3.974047743749647,485.1241428296104,36.227731572957055,0.3103667128330698,0
76.97433770780287,3.468411128907443,390.6683968281293,15.33191723392859,0.6739967276610324,1
38.97992699974401,1.103848063943802,221.90043815445333,10.289808506759899,0.8380607518500844,0
46.03197585274142,0.4119052280792135,431.7578659435388,12.437802056433085,0.1374210638619344,0
79.71931240944193,3.4024965103735654,212.608479365972,5.089646084858162,0.5483169491932381,1
71.97063192377718,3.2725560714056763,449.1015358264512,37.34328280340886,0.7203793708924212,1
87.93787283953424,1.3662976349910467,145.0321561647748,37.95804720762706,0.3270807343627184,1
72.60903138402747,4.754317811252052,381.4743909843183,28.172000746096675,0.3769938147638342,1
65.46468826683773,0.7552894589045012,316.27939065796414,12.261326047492267,0.6522741126904454,0
27.493981426247398,2.1616740052130097,138.61378807817633,8.759945187981039,0.9081417640993632,0
49.41726424475468,4.718079600837994,196.7575313035356,5.860803489677916,0.8289319782726094,0
41.216189414538036,2.0986365846306114,104.96161451092591,12.458667963434932,0.6248171971896251,0
39.51917147032668,3.1926297383204276,287.5071861858023,45.088499074241604,0.7571995459815243,1
97.84084438019565,1.9879719898139714,220.50610430400013,15.869157876575679,0.4283402231870188,1
51.44781797334083,1.3710760117433503,339.34299371910356,20.942209724774706,0.6768689752888819,0
91.36372441416907,4.919888239799141,218.8951230834469,9.740546801659994,0.5195634320148013,2
70.49109007978103,2.046670031575215,219.96764460279388,15.006258713667663,0.27094252281180486,1
83.58490428333187,4.470496018395672,397.27727949264136,28.36510568510923,0.7315644464895315,1
60.21096744841537,1.149773029455431,119.25713439134138,32.34887073930437,0.6008181736139399,0
66.15231077010873,1.0655235201254165,461.1579980767949,16.0408541374795,0.4227594237582323,0
59.401415505509114,0.1556704144225568,440.90554975647257,7.597947165130274,0.9202052710707677,0
35.61943902384356,3.2583341268794253,367.12187329056263,22.59647911073294,0.11884070604405994,0
77.79616922092043,1.8426317186188057,337.28862804295375,15.539151691685037,0.38419583612454644,1
42.46178899526846,4.321791249198185,456.9209992558609,14.879926545341087,0.15119325799988192,0
21.945277314516307,2.366049533457786,174.1320718114858,48.193826122105484,0.7898745845994645,1
71.63778367257342,4.840967139573609,131.58766487633144,32.73352186665758,0.7318967087024133,1
34.16885435256391,0.9276275785156057,195.80406796381524,30.059529942744316,0.3982169968626853,0
95.23668674823314,4.343115839778054,417.8313114800761,23.709879658549486,0.7080966119863658,2
96.31428616020699,3.8829842639587087,113.86810669059332,24.30249500435649,0.4563435035763549,2
93.18915121763588,3.85460922322026,333.1227340333959,29.340725172713636,0.7806284122801909,2
49.61269602043555,4.223916140584438,498.17500647652395,36.339341316624825,0.5087652964630355,0
21.236529322309394,3.8051199547149945,442.27843753501577,36.59657432818233,0.47105175504849905,0
94.26548500701803,3.131101608157077,308.5782756174358,12.72622584674523,0.9412569239394709,2
54.254731865385146,0.6562243884119379,125.45636371465693,27.505073843448216,0.32579118990163025,0
97.33238552349357,0.16263089745625958,432.54940575428395,23.53811427653459,0.2084026059969089,1
97.08959816714022,4.604239239078434,339.59140327088426,44.17371348212229,0.6260888019335124,2
88.24075643738881,3.0832515726036904,145.97319882382675,33.41385145482694,0.972389631055761,2
43.55591136556686,3.9826864548808816,137.5429139293425,28.96268298871918,0.44005529235446805,0
50.807818288154024,2.4076117575627505,463.85072777463694,10.19275889805128,0.1558330872659034,0
88.09093372134855,0.5865409448119724,367.68010517523135,32.253705019553514,0.40537474057861067,1
45.35376041250221,0.6259289610127522,431.7147197267022,10.274175755610504,0.5553384888876026,0
33.5594197348874,3.4278264361448567,451.5915601129069,20.174295900458844,0.24573070596899235,0
64.54410099666802,2.1515294744973135,328.70894081932886,11.427888416644933,0.6922919962508428,0
94.89238193286248,1.0026236335016836,306.9785407020165,36.143314116096604,0.9979744501091805,1
75.68238373399784,2.4579727337071846,272.17096412839607,14.281345122626867,0.5065655283832995,1
65.6048936071492,0.32104468537567044,226.77863511644773,22.63367179346117,0.41925570105719134,0
27.77411950166148,2.909857009571994,273.8383843434847,45.30536499284504,0.46063375015102004,1
69.20057813593358,1.3449670221754884,409.55186229206254,14.194237252953663,0.20363156055568105,0
99.20430800834106,3.9877955031859407,340.76937240605264,27.85122787814506,0.8949462412836015,2
31.20672121892192,1.5518097946178688,457.0093159819384,23.86722475247099,0.4733430899692168,0
61.46637218909894,2.276100745409006,277.35200575167505,5.815581847057838,0.44854697028235724,0
90.18984575423643,0.05810269954050318,342.8358314875016,40.674115110776576,0.6937212456374269,1
79.26148942033635,0.3622344389727944,352.5230212367955,8.107065784156987,0.4978300788380112,1
75.76125927962144,1.962467782033424,336.67886492253024,26.341475943962912,0.6834101219270614,1
76.19872671896874,2.3996941735856177,381.05350923420656,30.230523272252746,0.15530166111770877,1
48.75929209758041,3.0001027405965184,194.97338734992252,33.27919054765642,0.8323510093500047,0
43.487347541159465,1.4583128935465162,304.94551101831627,35.9884233188544,0.9464535575914623,0
84.74889243828109,3.474909430632713,141.68992112333908,16.39725725852218,0.6838888475434474,1
84.80907157433447,4.300611985946023,253.80453105792503,5.449044949630222,0.9591093359729297,1
89.3657854864083,3.8992549444667493,295.06682744850576,37.55496480597104,0.23628908293296697,2
93.05924420451771,0.19809412674178573,360.889703818189,29.104546970641035,0.5296745705323184,1
60.90739190887503,2.4025347362891445,480.2124210344814,42.62529664432619,0.6416260605509025,1
60.12130357497597,0.5246508920908743,340.26042661934235,41.962476330531246,0.6235629826790681,1
83.86361431734201,1.2102250793126372,397.4375664706239,42.949677550454744,0.4613156011801389,1
71.99711446222122,4.933312966335732,302.5064237980811,26.82925969907931,0.4042759684296353,1
76.15735018061628,0.7124777145075661,353.6416125505325,20.013277812658956,0.21414162029537692,1
83.66341355488808,2.4944407672567803,128.37288645350938,40.62011911661165,0.45256820550605037,1
91.2004273454053,3.0907786715905954,201.7566323367388,25.308235086316472,0.24639473359493663,2
47.03961254812286,3.5123248527205195,244.74123728205547,13.254898838154553,0.7609291088429966,0
50.04663621119552,2.7982434174345707,288.9973420026054,43.47383088026635,0.287947841945131,1
27.51855518726952,0.048854237095918296,118.25949820095349,44.715194454755625,0.15270877475608047,1
66.26241127969392,1.6323065412199593,156.00963902132708,25.983939026307656,0.5971295240355109,0
22.875381903739367,2.5885582169235573,210.72572311652232,8.406487728940437,0.6357067594474615,0
57.24784145059681,0.43933249572416677,488.6130763604203,22.452174046261906,0.884721755152455,0
63.411570776606126,1.7531346560459038,232.5388028412203,41.159194675817155,0.6192834511759137,1
42.92330017026275,0.16601554395683282,292.816423244833,45.579831284580294,0.41093276835110115,1
67.26666084552086,0.3928924857751037,178.43908509535717,14.156273412391812,0.8227106933736885,0
22.440019995123954,1.9846163810079802,344.3120284303073,8.013812541137218,0.586251003868679,0
22.987855099937153,0.6635787702153018,212.27328620638974,44.48077039097774,0.1713522561680726,1
85.80804485277267,2.8377042413077906,182.7970313753707,22.523222254049386,0.6092655042819219,1
48.81525131290103,3.4473248456863286,306.62905137839164,29.379243392040348,0.9172166908794961,0
30.16484101215078,4.002933495545414,102.20231966416833,48.56296154228415,0.45668136294839856,1
61.77946080438435,1.0007512212240504,103.06561305969014,7.995412756140029,0.3666932217098201,0
81.59948424788887,0.8374129112953488,187.6275236407431,34.1743103353443,0.22912251131621805,1
37.26568219974745,0.5228392016720013,114.68854500032846,8.334744015869019,0.2363009697418216,0
69.83123806552001,3.1821512477181835,143.21030165227654,21.896101780992517,0.489494335907637,0
26.82779719950144,3.5323786324345057,235.54425973550065,41.1716545337051,0.6361118417453766,1
24.134537693488618,0.1579307241282102,421.03427183192514,24.506250474003547,0.17255386465264158,0
62.50837052545184,4.681061231218449,328.81945734772034,49.87320592563277,0.9456117301226491,1
63.25080972880852,0.25985641825736205,305.06709038256656,30.157667822597098,0.7796202557006763,0
70.99439211985653,2.7064816765053523,217.39552928324866,19.452296868617907,0.6279615264552963,1
78.08730669781292,3.545302597254582,472.70148777312653,14.90500966571389,0.8455948038450918,1
98.06816635700277,4.354845618730428,258.80601649487664,20.77342404287728,0.17216808113090198,2
61.30402786409562,3.570434660662139,134.8371067183086,21.763997319179786,0.5291549899598119,0
45.836517835299674,4.008640415348959,346.8266064471205,8.092115497578245,0.6670838141754971,0
83.61489558149628,1.6972509627140302,145.53535739064057,21.630838974204792,0.8457876155064603,1
41.66658010096594,4.074125568732561,238.08925712067685,25.890733388265122,0.8051226040443409,0
55.11771365645089,0.4005742319233757,302.9647754871236,37.52319885074621,0.3493623247420597,0
26.276510507381275,4.474083280302638,449.68900987407034,34.55282681247236,0.9467921526032839,0
22.028059473236603,2.7379618807686814,297.41863213604745,36.89445448531194,0.21191125728778332,0
97.01187317423401,4.0864888498124685,380.9035064126657,5.37636568445857,0.8876202567590369,2
86.87840964097647,2.2615914225915006,497.12673559962815,14.795032981124121,0.9738462246441567,1
75.67793648749584,3.2178884759826247,152.59564795919266,34.77579297799355,0.25943817090036303,1
52.71623555314159,2.632013304680566,209.89261020780782,26.779521568088622,0.7498594577834068,0
33.86354560566766,3.6579476087766594,257.83043023905856,5.239106405075567,0.13625696690019862,0
32.514963413686885,0.4081499101529479,268.73127141553255,41.202258909432004,0.4648805426252395,1
40.019431853167625,0.301760419952819,264.4084301062183,39.776430798065185,0.5646549692779066,0
63.938133176489636,1.2355161700507322,463.04440102262197,29.678862334710317,0.6225807033186707,0
77.16767381600499,0.7977234005659417,385.61305778674256,7.990849659932246,0.9423435234237035,1
72.8157901374185,4.3589178329610085,343.1620856362815,39.49317722896631,0.7050256185647752,1
42.39471175567543,1.0960699367902216,223.74908714511284,31.26711144791138,0.5331501560973133,0
96.38922245305552,4.879326279095657,429.5161536885179,40.18819897210816,0.8287075326393004,2
79.03175333566148,1.6844789588555342,482.0242045939956,38.82861465781282,0.9554795388589681,1
64.34832420091206,0.9105895784434964,428.4793130200906,41.13509323810267,0.11985953381406177,1
68.93765969874818,3.9484925357123957,100.62604207658916,28.310362988208116,0.9842691450304348,0
53.568004994223195,3.2935388775043806,354.56054807336284,11.314603318708174,0.17751892515731232,0
39.81847916009259,2.490978582265695,120.45415257684029,35.20208630208599,0.8329481013418852,0
48.47781429210093,2.7768177546881563,203.04288813348876,32.92132032733868,0.35230127729627125,0
80.62768883714952,3.5960088913613193,123.80988013910867,38.40139342395892,0.21896169197848458,1
21.15147909038047,1.1422737066564936,341.51818117975506,12.644645272283089,0.49587007574245145,0
29.2858112405533,4.981669580283709,374.6359653970427,13.773883995513016,0.6795609215028522,0
23.68021136174022,4.873965810733916,145.79505522636205,45.06842827486978,0.4428566605211275,1
23.25830418551761,3.2516284317346846,253.5355532179918,38.749000930343186,0.14910886745442908,0
88.43684672088058,0.9977122546457257,282.49460358221677,45.87028199151453,0.6395150256928449,1
76.29262875040189,3.401141212156457,247.62120870436664,39.142189452376435,0.9121629484996072,1
57.93390632698602,0.3609920448958792,148.4100001940772,31.871988769563583,0.4448938293525265,0
27.82673285208012,0.15326251102903032,267.57911607499017,34.435973166254314,0.29469949986774435,0
59.32927000934659,1.2884144425560684,400.47121912336723,45.01075657730045,0.49831961133953384,1
57.87774166244525,2.3131147836965815,128.4030658133022,31.046303953037324,0.1435264399439028,0
33.856149592801216,4.341362527041903,132.07200563276137,33.45760959477744,0.8384388260322473,0
54.70813193903784,3.6358453488315403,241.9085167343937,12.041452220162025,0.843706729855168,0
51.88037875178988,3.713532605999905,476.69028464757,26.326454905224622,0.6292004170866655,0
69.26800784417732,2.1274666722403768,367.42905868916563,37.23787003811445,0.41779260004455054,0
70.8074920694115,1.7296749627348147,371.4679826690259,17.192421424236443,0.819805028001205,1
23.62432078176356,1.8551938149230134,244.767996335146,14.101438123604071,0.5992183223095304,0
49.9690091701177,4.938247818680289,337.46431648341536,19.122206370098702,0.8433390776950146,0
70.0687932571389,0.2005459570624124,104.05247361109735,15.867528259677504,0.6683129133247185,1
60.250900686407014,4.335157480612243,354.43841856381687,14.671068666637813,0.8059649258915176,0
88.51918729506578,2.893377042861967,465.3147790304947,24.11828792906391,0.638706693895984,1
72.69549052951561,2.1930770959479524,345.0293873379277,45.852733124759034,0.47272696139409964,1
33.034754166514375,3.6262883020756824,449.479437386538,27.81768410324232,0.9621512739335238,0
25.645499792034386,2.4333447071235144,389.5892221864375,13.456417136689536,0.5870024423909603,0
71.39354225650524,4.367116190408303,148.2233665614761,8.463725122139333,0.6445805666864846,1
22.120904843329747,4.503509320056293,460.9813229143367,36.327026531206634,0.2984388754732743,0
66.86204650187706,2.108604634367277,126.57753774230996,22.225944399637452,0.6630857104845488,0
95.2184193139966,1.384138986175258,313.58698901910554,41.982392596341164,0.6144468845346495,1
66.03793423007032,2.961751642966811,156.85484951738306,34.67798458883466,0.26635455815232245,0
51.05359409652175,4.561816728083455,104.68264429236163,40.830865274361585,0.15362838761782935,1
71.46305747538825,1.053310945028333,268.8137040510556,17.237571773830194,0.6439233877432939,1
56.660231239321334,3.114832917817414,218.01628306166248,36.15615151074762,0.7873230424152885,0
63.6493431452748,3.1578011004626028,294.40019751904117,16.882789311217344,0.5710612338298074,0
95.317184702122,3.665565112076405,330.8799546938203,47.25808157526312,0.3040953627876811,2
50.88821102406194,0.657838425636299,117.49562892357895,33.63684266900185,0.6998697790237314,0
96.89524510591313,3.5791248234104427,149.20131804949824,19.603031007890394,0.17209515394864203,2
92.4280513564851,4.545162603328205,323.4569585801702,17.12803380315227,0.4976503343217592,2
35.663290783143715,0.8984155443512098,237.2669412690633,13.591696328223957,0.24703008255857817,0
25.548904070013236,1.1877166246193882,391.6693950197792,36.25884315021775,0.266013145953895,0
28.062240110194132,4.856975470208198,360.9166594367759,14.842202584906728,0.2820645542423833,0
21.45774605212398,0.9048847635474488,438.2417451959627,31.78864696673701,0.4480363513395801,0
27.555436860474273,4.271925466847896,376.9971306676901,16.90857621164108,0.14603518505835789,0
74.64054187330855,2.461389282240174,271.97243095605927,34.78860251572409,0.45801409683618843,1
25.695091876818317,1.2361553720158853,369.18664895777295,41.67228778432426,0.5605367024032307,1
45.5180504235009,4.353749506362557,210.15246970216742,40.011135941509394,0.5349648564696927,1
87.59002487755636,2.2265262750133274,222.52539951128506,39.23830989188518,0.44450569036273657,1
21.86175485886607,2.574086769648451,415.5940639683173,13.447508256151343,0.8552319472636772,0
85.15747860711487,1.7961668469988283,278.5678065606329,8.977322614303342,0.2307940231784537,1
42.548381981872,2.9647542571746373,419.352136207341,36.45269728193235,0.5551270694032366,0
29.4531862097325,0.8176193629251138,428.96894946731135,21.57562462074581,0.15583727526089888,0
75.73897322913206,1.9554076832588034,443.0249350645135,24.455580188150627,0.16404011099011878,1
70.31542774239071,4.847061611676438,466.6540943364829,6.401709175702598,0.6164792647093866,1
90.19776108216423,1.2906671635056377,272.3940882053185,16.680940217377213,0.6094165823990388,1
78.80568350431086,3.283683322706461,227.54672732845552,6.515438174350881,0.8902301615600112,1
84.27847443078788,1.6259503211234745,332.87949863764555,44.56335976705614,0.6020863080940658,1
42.562765805704515,3.8673656284330034,248.46896937505102,15.95285074483387,0.9638119183643652,0
34.195163502377824,0.6543683035917491,340.4296667200932,30.080172630785363,0.1438253635599368,0
80.04918013126867,4.849105225392724,382.2343450575298,6.754069429750869,0.18820691630266695,1
84.54677914138112,2.2689477069181962,375.3620073968547,35.008132608754615,0.13965927541334328,1
99.24041136005387,1.1802523167323198,249.82115480804853,19.53623055893422,0.266749165300186,1
53.00941415291412,0.3674837366500633,166.7440806795011,45.406363413094965,0.5871430998475103,1
49.761446863422655,0.8487895254377037,272.211735384883,44.965318502031614,0.6810149632846852,1
82.11303685935974,2.598869742780088,157.0376576327635,19.63807782627865,0.14102664215380192,1
47.264283220241424,1.6850158821564314,456.0388140735233,45.543240306071056,0.9513738008610394,1
94.46058604828518,4.144416829413047,238.35098429514295,49.82709530744505,0.8579488389853429,2
88.67302014744095,2.1544376183090295,161.78389888932952,42.14370488557766,0.36695123394138385,1
54.319522190001464,1.2435713629381495,110.17910396230035,43.01921064898531,0.16946877720382117,1
80.06968542331978,3.0857249330201504,358.3289545145937,16.205393124909044,0.25289836589715153,1
80.36342992677459,3.533886084427229,354.7609269818973,30.951607948599033,0.2142499723794754,1
28.24990950687461,0.8352095395047493,236.24166663251665,8.026516128531554,0.21095540136905216,0
92.20423253436533,0.8380960814415883,128.6847555390604,9.271307156975137,0.5667055197991605,1
60.42018979582857,0.18335713466771486,263.8515579580928,49.950167541498075,0.3212626982440603,1
86.11659728861933,3.6820100753282023,224.48699802535742,19.698766224165993,0.42232574487623,2
45.603968082448944,3.3190226381090255,370.8482558940037,38.66827604219809,0.9905548000458902,0
91.64185827969604,2.3731543787490694,342.31169978107613,41.29992738620674,0.7158828240328102,1
51.13613429873305,4.220852244845986,245.837491279016,43.61104719532531,0.9540826003423012,1
20.86701211842387,4.028350764750266,187.15702170199603,49.893273383097046,0.22830089952980404,1
92.4305581135411,2.9267718219837606,495.21438646223675,15.867341836559053,0.44392552734931234,2
27.302934142890685,4.341356402566293,281.6006484784459,6.815787208686487,0.5992586229541189,0
45.54509100723319,1.0292060501838414,375.30969431209485,23.50361830975637,0.16908225569986424,0
96.0049573640644,0.5595980969886394,156.2211870313443,10.853630142302613,0.10376869926516208,1
96.04857175500449,1.348748057584948,294.2358798637591,6.009165012292481,0.7033909004172257,1
65.87503104986288,0.28543428044657426,111.0146879477862,21.219207221366876,0.6776375651212918,0
70.54697697358394,2.65584764000516,302.18204716417995,40.26822129838564,0.4697099289996506,1
55.87564175826558,4.683028461474807,485.6069628470809,30.47813110512819,0.5406796684288294,0
43.456861735845166,0.19671770334254823,253.6826851943201,19.075009514465933,0.47389870053288063,0
46.29316362959328,0.610549570050134,115.59840502996464,34.445390247172384,0.12160454036039997,0
73.80147648616307,2.2609951414171765,112.38231636773742,15.440818113896482,0.40183444559571624,1
80.1899623550144,4.669375087639525,255.19470397874778,5.647165073243826,0.25937402985756086,1
83.32632349806788,1.5807805248837525,164.00997458527763,39.39590238963923,0.18858177019123187,1
83.16945142356431,2.536174043441962,109.34083853127436,33.06843881888041,0.9610483905004148,1
27.29648824389523,0.20786429525196048,402.48544558007075,39.3036181025432,0.639423752537949,0
59.553624376206514,0.7417160048104443,283.40920355275625,6.752210750944952,0.7557906558129424,0
24.604700801331543,4.933150614794235,215.6979087890618,42.670383252379345,0.38382736893950575,1
63.96231058589884,4.825593482180228,460.0332732065923,32.87867900163365,0.4538324165446137,0
55.32244010987016,0.02469990467204808,146.45558408021026,30.352790782068805,0.3132315945070511,0
91.01633462066398,4.759058927116195,482.3675315821277,33.107632165153916,0.1872691038688823,2
48.07320100416629,3.195599689077502,225.58668695094113,43.89949610907638,0.2611284736974254,1
29.36536131420847,4.339591472600111,455.3614689234725,31.412142795150817,0.8177626407668372,0
31.43933456422687,2.2736992781692953,341.17715059178465,31.142767094968068,0.7097912246653982,0
80.92085053739778,2.5779801428962514,430.68294389659496,49.58056206795946,0.5922359883869293,1
69.45744506530089,2.444232901284601,493.6052652841857,39.05285751808556,0.5275808855800913,0
28.08981408982322,3.3343212877305217,215.3621751274983,24.903221245301086,0.930190855290512,0
26.728544489199795,0.6982562737815645,484.4541941630372,36.83286500148175,0.16546145300080156,0
76.0775305167296,0.14986794936338976,255.79275796096815,22.515371226130483,0.3525407319141244,1
25.821040509135482,1.5396497079559546,254.20476189476892,15.299395811757455,0.4149440682136427,0
85.7488047432285,3.5234038136832337,236.15484170180227,31.858334459949173,0.804183230991509,2
76.4993781725197,1.0092672606147417,316.56304293903406,46.768194415127816,0.9932631581457741,1
26.50790245135198,3.3671621666245866,161.65801727139484,46.81127840069583,0.31660346328143774,1
26.787017126815353,4.849560230536352,321.4845941432045,20.385737514747063,0.8868766007233726,0
98.93116628009403,0.46950357894709194,316.6819249640016,28.745485979976273,0.8475604843886122,1
49.941663660489624,3.363010591125631,404.760725041948,14.523615435643753,0.30219165787758995,0
49.65137176535127,2.2187510965228556,433.45998477503423,49.80339992744975,0.45939932217930035,1
85.0239653806002,4.3407112718875265,276.1765401249696,49.15030585405711,0.4687055823632672,2
95.7798861907087,0.8857489472369295,220.9332997405975,34.22790183683513,0.9803986016739025,1
98.88008510582966,3.4631297611308227,203.73395892683777,41.1986326854863,0.2628027112410085,2
80.27025482071534,4.190576448240551,177.84953468194877,37.1795072577665,0.8192421739943039,1
50.10076684247326,4.723071097370116,123.05903287960996,31.692119856776067,0.40077344275579896,0
26.6800573358935,3.4162401414482293,236.97919153388534,7.400659864500396,0.7577833111985444,0
82.17175327419494,2.4858738200421366,208.09907685231332,25.46439541486975,0.47800990386609654,1
64.6723399788644,3.089236201006069,486.56695434656297,35.36538359753347,0.6205237868048861,0
53.937760739758104,4.344524922393591,323.08353050001756,35.488922624765806,0.849350595993518,0
92.50835080757888,2.8530487331941483,238.910815612203,21.79051782900726,0.8237490084854957,1
28.895798584492105,0.1519352984841843,332.1870403974784,47.376139399611375,0.8797808651857302,1
59.41000834326873,4.654743477534889,155.6786805382782,12.531066450655146,0.15365559281019314,0
20.908291581393527,3.447633755157806,277.61749968088117,27.51617507970023,0.7228454977357703,0
57.4928513595301,3.3825669288862326,350.4937285684255,36.08977894478703,0.2259886390495866,0
24.504262054546988,1.0783757619885859,295.55913271698057,36.37111126513142,0.47423671121656996,0
29.505433301445755,3.2944273511632858,260.7115202617297,34.1887530545967,0.5937295735492196,0
29.40209974216839,1.9693220282707924,497.53935555987925,17.38796960533371,0.4624655362721477,0
71.93682416928509,3.2561648852074603,452.1259048595708,12.029295590897988,0.5676505082227068,1
79.68359034123387,0.5329651515399536,349.36238326377605,33.617314707201984,0.9968736779187573,1
66.66950120777277,3.2892265230151803,327.75094447291315,31.968595226274697,0.22169558234156928,0
96.97380387796335,4.997068628853333,348.2641919298336,13.071020463015843,0.707910440802783,2
49.98964636189633,0.24106019430278014,180.52484312897332,36.73126155067535,0.45640086974705374,0
42.85696690254886,4.885870921106586,258.05509730572743,25.48273962801454,0.2197088190165959,0
89.48793025515683,2.034539803614353,115.78381315635973,35.04922662214188,0.2428630870368786,1
37.88766708155621,4.353767251686296,290.21841499473067,42.68151858965678,0.9543457956210551,1
97.0578031552489,3.9119274202913674,317.20983358306523,12.637779285961543,0.8916413470405858,2
20.972357975185307,2.8350813049333388,191.09989444128382,5.861519059857651,0.9163377643735197,0
97.59030613661112,3.6922460462566327,485.6115388662055,40.05961638781041,0.9923794982446479,2
23.45279295604609,4.39257780650674,463.7818443748968,32.43638413186772,0.28748385100766616,0
91.29144909584569,2.0207016082551648,388.85729418236235,36.483780632995476,0.41989540362765554,1
62.21608872690399,1.6351658078161935,313.35465150614505,42.716973874488914,0.70229712693238,1
99.43718368954403,3.3379669278179236,447.98766385907396,41.126492067102525,0.5354222858745825,2
25.90372517883191,4.039229709706293,152.26093752938516,48.24140661179711,0.4765505800405002,1
64.30834275210566,3.811425673883079,416.203917709954,29.11707854834532,0.4220301244020338,0
97.54420284952792,3.9890682442931724,149.92832558673933,26.98230346969574,0.6344025687491069,2
61.847827533611905,2.177916574064665,417.68426501976217,23.084923995082853,0.6180340857760738,0
70.351891050821,4.089171080875108,210.30702730054279,11.916096927989205,0.24531205065781608,1
75.65989511876937,0.6010452768530422,450.8362324072756,30.76732547969101,0.5245658537665951,1
56.36328518142186,2.722445489804248,477.61683753015916,17.465563594669046,0.5981245985888649,0
70.20464640672508,0.028793302490607853,159.51838776204625,46.458838049583896,0.6132582448582514,1
66.74514495384801,1.6229291495013514,285.0702420261574,31.24358619246939,0.2890964736211166,0
92.09264083927911,1.8323076743569895,492.39495126507404,31.677808122864956,0.7680442530270581,2
23.63571042731663,1.980863458046277,293.3629743892586,20.97160973946545,0.12267918533896267,0
42.477055167378424,3.477336033449311,445.41900900581805,7.339520838996837,0.41934866998884646,0
96.0329187261247,1.9427905063517286,335.49260885252795,6.428469441784488,0.8021913836820702,1
91.2211027112733,2.2434681131126535,250.13196316784075,24.050081486893887,0.6075036289498621,1
56.45254022285704,1.1877206543716374,214.31342221034808,8.805442014375704,0.33504618925977425,0
69.61060782412294,1.8662589581467004,181.2892364344349,32.30811299930626,0.7254578074087429,0
42.19049463849061,1.1363481363157573,404.7192765510789,44.643785253784586,0.610651849740466,1
35.0496927779009,0.3659796188422182,254.61620272921115,44.7311667433425,0.8166192485107484,1
57.09587239519857,3.0172429669068896,304.51018488030047,34.65704345595046,0.7615226675708411,0
48.268178242084225,3.3410639927750814,296.93019200047274,14.505432416281895,0.6490971298326111,0
66.69248894806977,3.0974517300480726,330.9116116932525,43.834857411149244,0.5393599077797326,1
26.218770957198785,2.3174702190028618,446.23085824982087,44.87420458909437,0.21986391310077108,1
97.95158461329332,1.898928900896149,492.29573743337176,13.849411322883142,0.3351997160968454,2
98.89685955836823,4.316668247859126,263.0336834295268,38.18417385968048,0.47718952562537675,2
75.85293712157961,2.5954089256810904,431.0075688425212,17.893379701720534,0.6393693583057498,1
62.88770930752963,2.395909388148655,405.81111786188706,41.118814055881835,0.5623370696937744,1
44.76220930290622,0.12821032903217844,329.4115805822293,49.87570549566212,0.3593660733635765,1
85.10360157655589,1.7062391381307818,482.41885744477327,6.351170239822677,0.1058179220107395,1
74.77849380431034,1.9009780939292853,180.18980621136112,45.38146396059194,0.5466152997107325,1
33.00935514759131,1.9941139044845024,143.70568412384856,33.01837401193961,0.3570633897060188,0
92.8741747595074,2.9008618461366615,441.58478678216886,48.80221786241695,0.7611474706394815,1
85.80297943385352,2.6680127336343924,275.6599266534993,25.925428288689243,0.12155163874343515,1
95.98399306335392,3.039525463967223,438.7875416828242,43.13245687571182,0.6263450301752118,2
78.0575606710688,3.8244163077106412,457.23608207816596,7.807733086922475,0.9473268137554589,1
69.07321567486319,4.064928693580468,124.98303744762858,20.087557253523308,0.25696834040034955,0
53.45944290324951,3.590615381132472,453.38590519442425,8.015744198804448,0.5244845416755358,0
94.61827866832107,4.777618479774674,279.32762214776886,48.89044100655818,0.18227979263542438,2
89.28511116003267,0.09116291338180815,304.1729956016929,41.76382582723265,0.6631137210352174,1
23.617493608495153,0.9788899284177305,350.6370044372841,43.36463395606867,0.595478512536603,1
22.109357959780162,0.0378143748907106,470.5530426920347,47.20843541452524,0.46662897179154916,1
50.117069350243966,3.237373570773015,107.64643777190561,8.829656875390341,0.5692393193263671,0
84.84426646254663,4.490152744749935,290.73738732712684,22.3518916631,0.9069171926221091,1
98.98209034519556,1.2174114828814964,375.08881697222427,8.196570006980096,0.2766648720799604,1
32.033351288282255,4.635172723981533,389.0827830792914,14.485689569751287,0.12030806053481252,0
67.5304572281708,0.30133695144780426,377.0129726148432,15.321459966695256,0.8754983962291909,0
50.47126853048172,4.672180134027571,153.77405176324874,26.10982449714104,0.6194053741491158,0
97.59315182516826,1.758113436198172,219.75823534867249,17.085297535413915,0.9015926099156581,1
87.36951385085669,0.5071041422460826,243.4862101668054,9.54401480679925,0.6372507010718553,1
87.06629637689103,2.4293587959316283,421.774883071802,12.537099009234847,0.8291449809637322,1
57.49545278359762,1.2838828386025396,211.50394896582122,11.627400359844092,0.48670602701963317,0
53.185560187013216,1.4243645098096143,184.28198554688126,48.78845590605342,0.7748739381594419,1
41.8725657544565,1.5364498246314329,482.97920761523847,39.168162811331314,0.9217373202008704,0
24.51003973207417,4.015129489163317,103.54531404538756,48.549265937130286,0.6149106673499857,1
89.17779010040425,2.695806383376272,499.12834227279126,24.788321892855883,0.2627066355061416,1
85.03208073040621,1.5565384957800181,370.7285195429582,17.526581674819546,0.34191785352717835,1
99.97741386289044,3.0516689165545916,431.38771977964683,40.9231938744134,0.2787801192076652,2
99.73094696591244,3.580753371115968,217.84775853847725,19.681426311851606,0.3221713248361596,2
64.4345364482102,1.3631200036676687,105.72611106682399,18.472251816740673,0.3757739044159327,0
81.51899321444084,2.0677455076267575,395.14780742461204,15.462769649352403,0.5996204080778696,1
95.58125839059424,0.6094304666847378,433.6578388002703,10.83555402009059,0.6291924665174495,1
87.97179125419292,0.9057467476734016,396.19045278140766,16.54083774575447,0.483849772517675,1
39.78784813945581,3.405589269824914,157.14011492033544,20.989388681324947,0.6538787018387519,0
56.04353082480748,0.9071917384781347,401.37116890278764,35.32973936655787,0.17341743305022933,0
30.3327532121196,2.6258169183353006,407.5691128430564,7.815417899875321,0.179009413352344,0
96.32408218069779,3.5452313086121636,363.41620626802194,14.472812284940433,0.2546465143218926,2
68.49397075607041,0.5343846154737192,406.4463731182345,41.406063813125435,0.5662697482363103,1
38.29142444027702,2.836561098144518,438.36857587109284,11.611486561269684,0.2925952108284822,0
73.73605475246853,1.2828139185068188,345.4416456949834,20.41903159351347,0.35495596314331956,1
69.45025923663167,4.814634376187899,135.44188558787164,43.9096514836163,0.4602815525556947,1
48.65301744262724,2.4177282335996235,295.0511238668844,11.97163900145492,0.8306795116093418,0
29.08460737597032,4.029962748875791,131.059733868642,8.723157602818546,0.1124759223215741,0
73.72585564742397,2.7511327107813086,263.0172124129723,26.804209778600487,0.6844409382129601,1
61.62461607230347,0.21706266427409582,262.84259565025104,18.608878007534138,0.7019888779366168,0
81.78547133885115,3.1657568779701117,126.40393765609663,30.353376401773435,0.8187902023209729,1
61.61308008895947,4.757016711033285,239.52821358779173,41.17122007175638,0.9394776451542819,1
88.1745200254832,3.008059100731656,144.39923951652594,11.171681966873443,0.11812406405436085,2
64.15254710195885,4.095944297133951,423.29408400368885,31.131458804942824,0.2384053349618946,0
64.87503772283091,4.421032316742039,479.0752103857883,27.747894217543877,0.8975541646503937,0
90.1322882126676,1.1403988597446624,128.92659010317544,11.48354537059398,0.5126667059683139,1
52.27862929699177,1.0602241995411332,482.0460829166806,33.07993184880421,0.6081315750401172,0
30.72121827605126,3.0549049442549587,309.03063973469807,17.313818803734726,0.6967244833508326,0
22.302614105067118,2.0551423490335234,219.82627118154954,26.952544334480564,0.7111599440460736,0
80.41098045388952,4.1993065143336015,130.74483011046541,8.702254592467785,0.9385663629848574,1
69.62476410827718,4.500115616990056,300.24970722816715,25.681282574613036,0.9972544756705026,0
76.32638144793788,1.7671068965135905,417.80621779629945,18.790856061926917,0.7481417148378462,1
37.03713292071286,1.1843527948724102,382.83459090667924,42.00715450334094,0.3584990882846357,1
30.90971804694158,3.902627576219309,120.09040458558951,7.564042714881572,0.8917771620649092,0
21.163573253430556,1.3740301777406805,129.1607341471614,23.837327371324847,0.14429882308668546,0
48.04700470452776,4.113071592568392,261.1493130530548,25.62941408591471,0.3079727675870466,0
67.19341494837064,2.118691268243814,218.1161976191773,37.62527343346034,0.9076471457173434,0
51.379523607978584,3.337749496457352,192.95372922241913,30.842940879059494,0.3305723629954195,0
54.99799376189833,0.4776765691733409,212.40179956348544,35.02455517373815,0.29858595365957363,0
92.33269555949987,3.119296623382865,421.39309731875386,39.96721785432903,0.2243127638262225,2
47.86043736186403,2.258838393686146,471.69122145274156,43.79913381461849,0.8732005818822248,1
61.119159132784866,2.9330423158773704,262.0410778110266,19.124397352511174,0.5500524332719781,0
82.69224101929144,0.8400710387243171,462.44440085299885,29.21102174137563,0.7074038827487393,1
51.72342258570161,3.6843687247209105,228.5982804991528,42.80486352976399,0.3151597456675267,1
69.76693601822987,4.3139853877161425,290.57479453751665,49.52530089342754,0.7822363789100948,1
88.98909669973962,1.0836990004538782,190.4115991263999,45.02836899696934,0.7840049904658887,1
95.96164989261138,0.47857277760080863,356.1904168703376,21.716026818096957,0.3813382224174702,1
31.765878474323035,0.11819293023168198,491.59244606992354,13.782493274839268,0.46961436970925463,0
94.12701001291956,3.2098575022163303,341.39723841735145,27.02266418329649,0.28872124968718077,2
59.369303446363055,3.035470180443904,243.12563364541955,38.373865332621904,0.9789049209906139,0
40.659551063916666,2.73348706357035,359.12697839621137,27.165608183898392,0.6810423193525704,0
56.7308604990609,1.1597354805798772,149.16827138615503,26.743138849115084,0.941089492643964,0
98.40260602283817,1.9545299795275732,455.4636321061595,42.72036894868103,0.3730469892662198,2
59.40944751942957,2.9723816759308654,301.23358031193453,21.263170058023384,0.8037018216972007,0
46.300128823000655,2.483834294295847,279.7398968158568,43.69076036652405,0.7892727794962678,1
70.67206834533806,4.938927601074436,334.3459153814077,23.30621604282756,0.7224900866798873,1
39.21164950225545,0.6821987627836656,349.913545115761,19.770489755525276,0.9690750777401204,0
26.06906624869311,3.4757227702379687,128.71032249060522,25.429546003986456,0.45419980249568404,0
30.310377752851938,2.0215938405214606,373.046888489361,39.31011314036908,0.2176455912307816,0
30.243667116621793,2.1409980746280737,196.77267212621183,10.670091253879743,0.7045379733196547,0
32.15221548098355,3.5879888282908814,385.58105300263594,13.838864714240783,0.7563788204294856,0
31.10617381195281,3.4621807566218483,429.0139177536787,47.81501715483914,0.6175545161129332,1
71.26997958425717,4.956279968510941,421.5834030210081,12.897123232161082,0.28613610382005666,1
34.55040675193159,0.6419714472706262,321.0003869631556,30.547729306897455,0.5540103475024198,0
47.65338266590906,0.5205482469208317,308.06795692430046,31.069150999787205,0.38097076291221643,0
91.74307279248094,3.6216940856437057,157.1503845357647,27.033100792261017,0.48471987535002015,2
57.916931221029785,2.8919345850320455,410.1384601612542,34.01353618595684,0.6806967182601975,0
73.40461908168217,1.3708033327990292,208.56375217868575,15.342202660892829,0.7706932684217511,1
33.78558969613039,0.397096844944933,298.67816912717865,29.86980204995367,0.30900222181120884,0
35.38312150469366,0.4282912479821527,213.70963717100668,21.74779648611037,0.464792824582258,0
23.26948930131831,4.470954373320591,153.53134519987725,34.775026683313506,0.34224541389246627,0
33.514805045773166,0.9593366235937145,351.8230787566946,11.355059451791725,0.2787684524756822,0
42.287227122556686,1.6168578105776037,121.73281392916152,30.68948375777643,0.8050484979962546,0
34.160838742139745,1.13328201113494,399.45809365048,13.337165992249567,0.9183274249932931,0
27.096202700564447,1.7749815291596867,227.03471810444665,17.538937840176636,0.4332089671161191,0
29.650869688048065,0.34711921373046684,100.05387720179412,14.841941014561245,0.7761510319363901,0
56.86230144261806,2.595298954541352,304.4516556948919,13.22770009409677,0.90729576042797,0
36.5066974724634,0.3380628179610745,118.74076341104126,42.156992820230016,0.8615117894772084,1
49.14158888384604,4.001782539111808,210.46782312835978,17.856840544740066,0.2645320496853033,0
60.27338166838855,1.1685604095521651,382.79059498228645,46.72057018390022,0.9606626933620251,1
75.23158629034923,2.700059573022553,125.07584864874634,48.64669364053359,0.43900879638651624,1
23.144971187287915,4.400395437807291,435.73539694240094,30.70672114716938,0.4053165950564527,0
83.95283191272341,3.2543868452359708,101.52796906343325,11.435050519957688,0.15618819455000232,1
70.23203115927262,2.6647889327566765,198.7295476807609,21.854670952081158,0.5375562886943948,1
26.540722555909753,1.621668765576878,396.3616224608286,40.89795185066963,0.19811225407683586,1
89.88628992854218,1.6650095652909895,226.50805989172272,21.53258279136817,0.3236858388346834,1
93.66979204254505,3.3474347759909504,140.7569552264054,8.915774823625494,0.38524835959055326,2
24.8862367883891,4.970696806105837,244.09356752017115,30.055320991768458,0.8279436911425156,0
42.1502118517763,3.309195949246893,208.1573145538102,43.03043831732157,0.8879397853563069,1
84.4961023834449,2.7889170868501245,437.08476086422195,40.81668742145761,0.3722196857153227,1
79.86077523069267,3.6532525511962306,225.33916703405725,12.880541305865895,0.8728283091201166,1
34.76168154851018,2.3260280614185906,415.5729887104029,35.274407648561,0.871507843632812,0
36.747945866936824,0.3007117130039261,456.7488579242939,14.92269185460412,0.7881858553463862,0
49.63776822331056,2.8114840793895493,273.52696783061185,14.81933905484775,0.2320256026136634,0
58.761838815281706,4.788126422526901,463.9772575417568,44.333229798733335,0.7212905622106561,1
69.46038172242368,0.8765147117882982,250.92722158527715,16.235102873310357,0.9505216581225119,0
49.51309116558179,3.4500244541033287,485.6313665960433,16.846130593310505,0.7142864308904413,0
57.002777290651835,1.0046684432952824,135.7158098102292,5.02940258425848,0.3984551641970506,0
79.79767505070052,2.6791384223654062,374.80770660129707,44.18010653564829,0.5505213856877482,1
22.934656231247832,0.4833822482335981,297.5256161827715,40.666766594411065,0.6811525390159483,1
40.19495554752166,2.2518546812909257,255.05952218225883,33.229802079080514,0.5595133678556532,0
77.0679668707642,3.7808166444762303,353.08475149944036,38.761959377247905,0.20795764755787283,1
91.61654701497595,1.7378576211949104,381.5428366537325,11.842185534102132,0.38085764018681856,1
60.93419536925329,3.32455862243609,101.74530786012363,25.624561756440894,0.8221564274982692,0
62.569078821225254,3.977249803948646,166.78123549887948,20.80487243069514,0.8752762414859657,0
28.573760907182084,4.635889097397263,385.21842025372746,9.219943681565741,0.22357002944401322,0
55.79298934587637,1.1732104092772677,366.55416543128257,26.875871834671585,0.9571480771588522,0
62.60938131640185,1.9965795790465406,486.4190020514709,46.43328426541859,0.39594035606374844,1
39.39764029077837,0.7620800666520872,404.4151161003132,6.802660357281251,0.696082364857648,0
41.539458475950475,4.962417510791876,480.3090830925352,18.115741107220725,0.7766426313610131,0
50.18273304836981,4.635004839621477,381.01620061392276,14.339342129256655,0.830751611174095,0
21.60569582221811,2.699785651402798,219.22088345577725,15.716599414956335,0.9511747320033371,0
45.76633324665426,4.210166471882106,142.14596890034258,45.879554834571884,0.3816275932259403,1
36.91584055972357,2.604789886360211,412.72954533797423,26.063107440543057,0.8726558090963991,0
46.19978817423317,3.1179284400137988,357.6596885903664,25.983473582291847,0.21851821309258634,0
29.580970545540097,0.4456221605800831,119.2744049573185,39.2259039104877,0.7345368157182335,0
91.2421824591916,3.7763521024840396,244.02018636039134,11.95214918022166,0.7677799565625872,2
67.48739628432389,0.6385674181761741,482.71992619371446,26.926940934502284,0.7099509170811884,0
74.32818553155917,4.130338151262642,300.1604582840805,24.349334635447686,0.32708326252163766,1
83.13369908858706,3.9101404383519296,273.09165440788183,31.860981074599525,0.885738832313683,1
59.87537591432458,3.5437234887148823,283.0798420637176,49.980096646269736,0.2519726170333555,1
26.953623046993897,0.18080190262381057,183.55308960206548,39.62520023369212,0.14827131236874777,0
62.968523345483824,1.515641779726643,247.4828683459181,22.903956635784223,0.7457184915507209,0
66.94728944167034,1.3155628495542144,247.92530239487064,42.23988735233211,0.5279281437094603,1
79.6351579347464,1.8006820373575954,120.94200807498896,12.681876349061607,0.8641882179628084,1
54.53276369837435,0.4382137338191927,407.0270514071673,6.370865883903205,0.4450574269524331,0
30.2064242236451,4.684789115155314,266.6017727615516,14.200176760892287,0.25145072965694154,0
42.702072463897956,2.7690112035618815,428.8719547265693,20.318520025141687,0.8527979732228828,0
49.046583711890804,1.5276215532901176,440.13920044795816,27.976134085680194,0.5940186684760645,0
71.67337930652809,1.984907585371417,184.79762187946324,32.680811324353996,0.27027621315131944,1
65.66226437351295,2.236012702524178,362.9413928680514,45.97725727464898,0.7483455987278012,1
48.4877380718277,3.0029716668030866,288.9127216651927,27.943430429770597,0.5600022746405505,0
98.92121990343837,2.578397138482489,452.062695168594,27.55740400815782,0.6438816840162879,2
68.46198554855097,4.596959866072087,186.29627167058163,7.260935442034196,0.5148085043859237,0
38.97814333887956,2.484817414529151,371.1252801240177,6.571019869530072,0.8458380854362058,0
28.1425978096323,4.960790074116563,343.100848901089,29.80219828623674,0.8466064441147448,0
32.22873113474656,4.257124788725479,218.12059102873312,24.718037596175503,0.7384499396419476,0
39.67661827076065,1.042552571786679,154.64036146046905,42.76311777411344,0.19486123965681607,1
32.85450986076445,4.652976073219581,360.65590419091063,12.230581312033033,0.854968475713662,0
34.925361924104465,0.5818319894273805,395.4389832529323,6.123724795267232,0.7039116824796188,0
42.807613495507766,4.087248542455958,226.25093750534,25.206744556855664,0.7273217494038695,0
33.86988762358038,1.9031164673829004,357.9330416089255,15.686535053851587,0.42668455636348446,0
91.74123397011401,4.389871602225347,258.0523630446013,7.232646800247685,0.891351600541306,2
26.418699652931377,4.340283450537251,385.28275331304707,37.606922908143304,0.7528344402113717,0
61.960911165620374,4.029627000588106,179.68610995762123,10.021684998076136,0.201331419876275,0
52.83174615917292,3.950152181535307,456.08600105446976,32.37437750034972,0.46700023096554644,0
98.59028935268852,1.523395695490204,214.96383858623187,17.64723875751001,0.8977423257641275,1
28.963112173444188,0.4045964152562609,247.11439510246117,12.80732226597599,0.1424770315276411,0
51.82844792365933,2.014900893825807,123.23678083213991,22.088818531369284,0.9652749576778445,0
97.55763466202951,0.8676225749325434,144.60488492851056,41.065059930032916,0.7112463114876065,1
89.24057007151842,3.4747554445123088,306.34476108493124,22.64421096070577,0.6682383798790389,2
85.3657656759424,1.7304986326889278,207.0370706911886,38.78463421449751,0.34350333083919227,1
40.632226163595185,4.878051004299574,434.1920902968778,10.64688335596178,0.3239126098652594,0
33.67100699120527,3.20486038672666,105.87735546198154,39.77471388492856,0.9478523975397359,0
73.49145759395448,4.112402818171804,251.6376194687745,15.66199962079919,0.3684452088107105,1
94.35007913020686,0.6626233637092421,234.93821870763708,35.482690844999276,0.7979547670470994,1
64.54103144111438,4.310072411363112,107.73105236704042,30.460169967844834,0.45380961838637124,0
65.72901515759199,4.613785952566972,149.7473596002041,46.81151227452593,0.22532866370623358,1
42.39832749282273,2.4353095940946794,265.4570699674541,22.42951330888913,0.10964376792582306,0
81.55943465535495,3.031264688754887,297.1458337789786,7.97743349754982,0.5898316033137257,1
34.96349988460187,3.8240490045149773,261.71589890194764,5.86199684980638,0.9782009366940394,0
45.89433891233949,0.8741931363020627,312.37507136483754,42.20863524377389,0.43222257442828405,1
54.034915089313344,2.5128303823172122,338.0526699622726,28.613103694764447,0.4214731005937403,0
60.6088302947564,1.9933151388615655,103.96952845113425,39.885982332572716,0.40968245606449794,0
39.392778593206415,0.7318699608112456,285.63806378140157,15.549152000518161,0.5684894535743726,0
29.186945979136283,1.8376721114576573,485.3996963550353,20.52876854809552,0.4965983950818642,0
68.8496033953306,0.34086154692746784,307.6129120518195,6.354674249509352,0.891923164054313,0
43.09044425922046,0.12905953474743492,371.0169069835813,48.267154605835046,0.5549687125511413,1
66.49905771380898,0.6758314457741138,224.7455431667533,35.054055801536606,0.5569820543697119,0
32.34901722193619,4.815575557945869,409.596551261105,46.99422894916878,0.22453443524850095,1
58.4912081483854,2.747647679475085,409.168592750446,16.947338334308256,0.9844655868193474,0
62.60715460412687,4.8291108057661,308.51841906165555,32.515862505154736,0.32497560178194673,0
24.145882945794153,2.16248939165066,490.4055293116854,35.5324985731687,0.1660276607136424,0
46.92834225551365,1.5590806654262979,150.22008590506135,19.289736511591478,0.696831624077688,0
30.75317415511794,2.5307093142012205,106.7790659558324,43.164915575703354,0.6358297331411854,1
25.06999763782142,2.1975584431645507,408.0632847028384,47.622265830511154,0.47363108859347114,1
99.19681859119562,0.5283234213087196,422.86221494595304,44.818480296320196,0.4799730104926103,1
45.788307597977834,3.204131573451031,148.0828916482305,38.25801391727176,0.8065575289417881,0
84.7899556683708,1.080190912547998,206.23313318344242,17.485910587622932,0.27614137608968414,1
40.37125238110111,3.0979397744891477,107.02094534665156,17.67272189475343,0.8382279870504008,0
74.52021777791434,3.2510054619907667,217.3234443122259,48.351214420071706,0.6838724025055163,1
80.81822879117493,0.7601242656432405,409.2567495674686,5.462802317106141,0.47707279640157196,1
67.65109924862755,0.3067481355533408,307.18421108503156,37.222248795896505,0.5122257549254817,0
57.72609508401267,3.9038079303421993,239.23823726731524,36.7810773149868,0.33098248646748624,0
52.947273131781486,2.2990021188466008,248.69571796253211,33.02102934274089,0.7769028994272773,0
47.90946132343962,0.29081897752737895,100.54145028618726,49.55489807390896,0.561587268074741,1
94.36233153982607,4.9743315858488355,219.92021102609436,19.034574609367635,0.38876908847485925,2
86.44955262301833,0.2889028049818332,358.5834966551722,20.298733870696168,0.6364451041848552,1
97.20215285332101,3.475176144292766,489.67777752654285,8.552273132595,0.9961610068461907,2
29.943777878843576,4.918394626317068,438.8243307935598,24.925916144468186,0.4917360516908985,0
78.46939801629154,1.195900521079628,109.43798585821165,16.747183680568163,0.9286222607007576,1
95.06723654568303,0.7112468434359809,459.4242418699357,20.45240159799399,0.4105151559321095,2
34.498645293252814,0.6069246971121445,413.2793653194504,42.555730561503246,0.1492594362324873,1
25.3197013893422,1.5163757378379779,412.15044942839216,47.096803108737305,0.283817895731586,1
79.28965194320472,0.5052290550532335,283.1983036014286,13.357988240233354,0.47682562899491576,1
65.95784905439295,3.4608067084706597,259.2021171818011,21.762901919905964,0.2976714357351121,0
87.34630214066176,0.31145899065031346,221.16629153327705,46.788375295192736,0.10020433439642999,1
31.18179013010316,2.5471106407489486,126.27794358174631,7.781380731015019,0.9235013839727745,0
83.62138494879122,4.983484269264884,191.29414539747964,9.156223765012033,0.8594914701078361,1
36.13018560381956,4.069851347530094,198.64145399120986,12.325594514280322,0.7680630083382524,0
33.09247542925636,3.0760971911550543,293.63082788408065,31.784577535709364,0.25103313608142575,0
33.14126383447943,1.5312681039330585,398.9777626386776,11.771252195269886,0.20832721858898745,0
85.16597761851057,3.1194791814581926,289.5239313591786,48.563437165283005,0.16084427452514485,2
73.215777655696,2.6352073195582584,123.13777977886424,25.102153726633414,0.7516262698956291,1
61.845233981529546,2.130416919451857,483.11592039528153,27.568308215757487,0.9359271646190968,0
48.7064387298802,0.6535518837009974,477.0897276376449,16.09963771124329,0.48748223882173336,0
90.17604326504866,4.433021076202333,414.07581725936336,26.19321135956301,0.20722660479644334,2
51.395608593810834,2.2489232441066127,496.53116062568824,34.78611346866552,0.561153538658896,0
85.32795515772617,0.9731125591038253,317.7929331201052,38.802971162931925,0.4139487167127671,1
55.13079268561747,1.838796754386448,485.10734010128243,38.924063721946084,0.437342431914998,0
50.155554353992606,2.0706487626446353,130.2420162467003,31.005100071233976,0.6591975617401366,0
57.01438285356851,4.137689477834371,246.27229930454854,45.69618987472357,0.7468463019359821,1
44.110229933131365,3.6680719028070103,190.15250720270632,41.78335312877492,0.19954323898584475,1
79.80875041410009,3.846524468206699,178.33323365370802,39.06716516143815,0.13203120772582877,1
60.217631207398334,0.05515632214323607,156.32117955707042,7.502248475620728,0.9948972724171434,0
38.57701561174538,2.0807699908988075,348.9654566263987,5.309508299884219,0.3094555140239966,0
91.96596586196547,2.4067207581766183,412.528742298922,14.560127473796284,0.1484474724176132,1
50.711297709856915,0.09596138411528343,331.3193597681443,34.85856172610535,0.27088779618632797,0
63.48422888911909,1.299066043725171,158.78508383528387,23.503886999714563,0.13506206171361781,0
92.51776887716376,3.801449115610675,424.44950797338834,23.10828166846903,0.4526298051554545,2
69.93903967311937,0.6855485286449953,354.38188286549143,44.806409970332616,0.8221616060061918,1
29.351843256669127,2.6765506572629585,255.2662824507982,45.30032816593274,0.40712000478194854,1
95.18656988907802,1.0760093600861875,369.6521182144252,45.91288688241136,0.49976506619052996,1
70.21664424571343,0.060603873219466364,203.96199169713316,19.124513443176227,0.708028096210695,1
46.79244917256689,1.2060072879977075,238.0768833976842,36.09751157326678,0.5580046630628922,0
31.141765813070982,4.879368774550269,466.9943372527961,17.22349315734663,0.8753011174191918,0
83.52201514162368,4.007685559414948,216.20180226856814,13.57744248835024,0.8794321075411808,1
69.60582047428107,4.797883221605167,287.99530726317465,13.308460580631614,0.10891962594203829,0
62.67688735810572,2.4392702196318123,456.0564549584059,20.394842938861732,0.8002416758348793,0
91.51140664407662,0.5486809933875175,383.088540107011,24.348092890091976,0.5146602402175064,1
83.08777689796246,2.739797444868465,124.88129046588111,42.392712697478075,0.9899564871732968,1
32.1339903786201,2.2718866727998046,158.92121771158813,10.395099206272043,0.5349088682878916,0
44.93776542364386,4.22178541369808,103.13663630876673,38.07166313277024,0.9882063508494677,0
39.87913118515726,0.49041290392122294,352.36871609166536,28.91547113851874,0.7791124250851629,0
79.51570340581415,2.441205685108891,279.06937016416737,17.95754042041966,0.3237443961519757,1
22.682594778862352,0.7502433234699213,153.7099403609102,27.176881303977108,0.584555481358262,0
65.59117478970532,1.6233796344502998,483.1736484227082,18.49739313996602,0.9929220755307244,0
80.99669485925524,3.686785386938998,311.86388957824795,31.82368798572377,0.8717775469767313,1
90.14125094093995,2.3800906468438328,196.75731764515567,24.52297652848599,0.187630204412099,1
47.366539897272595,1.8794414257288468,300.24142846188306,12.398248808549543,0.7357347971289965,0
85.70058437376103,1.9723813928501766,371.84813309404313,10.246238355006351,0.4110216272837318,1
28.850538956416578,2.297233842029933,130.49568718942578,29.601305693245855,0.10628403569231332,0
87.71618333876145,3.9250827191852844,209.8815260191568,45.608586497874654,0.46313287212429965,2
30.199092986558593,4.460423444701172,422.78619635359746,20.478095895095848,0.3112789795524742,0
51.78298324482938,4.776673432519641,283.86594816106447,37.985004825018045,0.8369823434684244,0
83.78362926236429,3.9345169312764754,318.63085681291795,34.63976097228951,0.40359754796118896,1
31.993394187901902,1.5770344787400636,273.1264008837877,46.919971143926645,0.8447713245584354,1
38.34011161861132,3.4406735304327105,117.55997705720205,41.94414577846134,0.10053814495131579,1
77.7802054714453,2.1880156202769596,166.2999119280624,30.497236650745833,0.3770372350235073,1
77.60292292368595,1.2733531102302558,278.21665549675635,34.56637242053483,0.3170486928769858,1
71.29181063082379,4.204357897129613,183.67418616317113,45.42739099628157,0.3102106249617499,1
75.515875557368,0.19213174481162498,119.9916114638715,22.978345306412066,0.16136795778891644,1
63.417955467807694,4.508809960677118,437.4598656207295,19.70576176359998,0.26841184336945156,0
40.14392471255622,2.307387323123671,492.47701166564633,5.486498763583835,0.5999946128970579,0
47.65567948031355,3.1860073840414023,417.2571495986958,42.19479833861589,0.3622249655539701,1
34.527817344114055,3.2967696110289135,441.5139686818668,41.04413151815142,0.47565530409623313,1
92.67604490669027,4.475588703532682,196.79085212681815,9.700453314506813,0.43918019231246963,2
66.67134358128963,3.183348410836037,484.2507902052799,30.958582150971512,0.8883144324999052,0
52.06811334109119,3.069667923800309,178.77028178137135,25.87917641750993,0.9147690991094639,0
56.96046429153061,0.3332602028034498,480.5719241447329,10.341909297910016,0.543661274490274,0
95.78266716894522,2.59204010972602,497.9277175863804,49.12557021773256,0.397140355284044,2
32.26811224928642,0.7508450040852083,384.6891222984195,14.661314935850994,0.19612063360212728,0
66.89838656134378,3.687168843607428,492.4574927167288,8.025538104075252,0.9580625914438855,0
60.47109431075728,2.5611096040633723,327.81591182684144,31.768132077585932,0.15420425041026772,0
68.91633883477184,3.4011388960417666,203.81671327043614,38.24900047098647,0.36788524981145243,0
21.44881470566724,0.20836450301192133,274.79835426624834,6.459955072123414,0.3682595810530037,0
89.76991271553212,0.4239600802290161,337.42437415151437,34.64229374271599,0.3883611575261934,1
94.56946259868899,3.5816169403134115,129.232624810806,28.95313441781545,0.24785815894516836,2
65.21065468713672,0.36042167999336683,348.9373058468984,9.646925399377178,0.8048452878313275,0
75.73206591015138,0.356283638826293,492.4711347049178,12.763574462586293,0.2102480757693903,1
93.79995049418366,0.06054237617443725,176.04305991349105,30.558843379223624,0.6714159932378465,1
76.57909074507188,4.7825069914974,417.0380465153533,18.336092608097978,0.2114614240352357,1
32.20312343314091,3.687541797295035,463.15951751184775,47.224207789309226,0.16348207383366092,1
66.10306881334506,1.7662570425103208,477.48063712808835,41.84331032678229,0.9184865533172888,1
68.53720371062848,1.4826779064382762,484.0542417621789,49.260524293114834,0.2711158896868351,1
53.93045370419088,1.7485161487292478,308.58385548858877,16.685187752768627,0.8391251391037339,0
78.91553884997782,3.8732676559059094,490.9231631966015,48.63756347590897,0.5901677839964222,1
94.74936118152118,3.306853055352072,402.92408285377553,24.405524140620106,0.17007086764789264,2
94.04548103254211,0.9259778393373397,164.66857449478476,20.638345789118958,0.9599033722942607,1
56.06714971233057,0.8705466766704217,290.76004258718797,7.265728713620896,0.32226505029270325,0
29.05904366726042,0.4919782485669866,387.3324701488016,7.374436603682118,0.8736808108173458,0
98.78729591698676,3.301513598506691,198.93612632763333,36.14050651759946,0.2519290052061078,2
87.11184691567473,3.8218633111086797,356.24607341955493,25.606804749531257,0.8685485939276676,2
29.97301449626135,1.3252321416250201,366.6401916186477,15.193473171624756,0.11190593161476459,0
93.66735060938979,0.10472480515456406,165.07989752342635,32.628663784635464,0.5606024109125326,1
89.59170896497027,0.41085833738213673,326.03412498110254,16.378615321255005,0.7924983214794011,1
61.50704457008577,4.839300174225152,408.6507643914431,30.993428945499016,0.941315965743505,0
67.30203485959434,1.4772238873871013,299.5582658143768,21.164393614221066,0.9182819225858383,0
51.920216309610424,3.846115739190668,104.84124671044297,42.05985019753186,0.8376623825928804,1
24.380931105762507,3.1233178442713188,103.61538763171687,41.93132723450507,0.8993722146951737,1
46.815779331672076,1.9096981982644796,242.81173758800486,26.48076791550806,0.2792977172533688,0
84.22827588784091,1.0284363109777757,470.4776273727128,20.7868599200757,0.35576586614055594,1
20.37056184036823,0.6069320907970321,191.47071184144352,21.315190845159254,0.36007167242895266,0
46.679933735291534,3.075064840194333,353.74547554867485,41.25715365506981,0.43934853790152895,1
51.85349548727547,3.87316890318894,188.83034827732823,19.76807672589254,0.4539886033466698,0
62.99164823503383,3.2195212677056535,228.66799586381944,14.40767181680807,0.5900997921892079,0
93.58844931302085,2.6515106662457915,439.2168358405936,8.810975384388808,0.24389178702979725,1
47.707679549276904,0.20975611715818132,391.54457690797875,26.00119043979838,0.7221219974073904,0
47.75625615169822,4.842443887971919,138.15971092528426,26.695944451392883,0.25080988537405585,0
79.00009984877987,3.9935709582728727,271.48080839457344,42.84089196813082,0.37927763389409275,1
56.17743527118457,1.4641101835048236,111.66790545810579,14.95574134007288,0.5530106175455387,0
37.96838583519856,4.899851646794254,292.3560586412036,22.144607315077995,0.8167965053711296,0
56.195161290615474,3.0094079481816105,364.97360468042723,41.37825825021609,0.7655223099148545,1
31.26856163038399,2.912113291036232,147.40104943926062,42.06306248370381,0.68098092076947,1
34.110958920497865,3.7403658971476608,215.55397556366626,22.30749841904457,0.24019593452215315,0
59.869421819158376,4.058848940450687,259.1346502008628,25.66058104790064,0.5923408110540199,0
53.514035960363834,3.2823930366575134,467.8124098624199,18.64786508821773,0.1787018516198969,0
93.187672085448,0.6404787318310001,497.30200616918563,46.96496952886904,0.43962685911698574,2
48.99151192933065,1.691337529972492,117.96451959824634,10.338969458371114,0.47216487726096323,0
66.44706802224349,4.640418201630249,404.4031693981568,47.01872403506615,0.13583029550117845,1
70.58114303356243,1.1230780592192597,248.68962656093728,35.773990332590444,0.34658928952297463,1
21.04755652706669,1.8608351191875667,256.98327449179203,28.920746870902903,0.9600845205398404,0
73.08298976133685,2.16038441472098,401.7059893388091,6.469657735302315,0.9582693470467205,1
34.24287734958011,2.197024948472261,467.3705728581635,26.401828631990373,0.41709434882728535,0
96.88562539755641,3.0646979124726275,480.37143780101934,23.34866472512295,0.13879009805349166,2
31.893018220249036,4.715379188723538,330.84903441532833,12.254846538880514,0.26118544539536337,0
53.1699298981619,1.203463559162525,242.84846372020112,34.538432157529556,0.4529960140901861,0
26.82797344629151,0.6075068815045903,415.0196343435117,48.70179083157286,0.9530017281723068,1
99.74994014767579,0.9873524492996866,200.4005533049201,30.29849649790363,0.22707915718346644,1
60.175600826499405,4.434624501046348,325.6296115334071,37.16389743997756,0.787164259301391,0
67.6308013856035,3.2290540632760303,243.43138460994928,8.080270365470756,0.19781428543722288,0
25.3661181910742,1.4295339461958005,362.65242948315046,23.795014811764762,0.9831318196521491,0
79.99683763193423,4.079734694843086,196.15956515740277,10.236131832402315,0.44345484919822153,1
36.792447447646865,4.30684998181718,176.6371782939303,32.575812599142964,0.7977110850091504,0
91.84434315525709,4.232571693451391,467.2956346701748,47.231697119636955,0.4083319745300187,2
36.41117123856057,4.5946326681977725,140.72147317981475,34.77999796122373,0.6649019894429278,0
35.255017653093326,1.261205100866808,302.38316309397266,8.456137174148969,0.27281447626603306,0
22.923973427847592,3.7752096437313916,188.34111318520357,20.959979224328727,0.2314189173672663,0
57.765355608799936,2.3026974863707,115.57198533026698,29.77985207483832,0.9442577256113182,0
65.18729066100931,4.209992764450307,114.40752731657055,23.14434902599635,0.9258825501139901,0
25.25669115426819,3.642453385808066,170.08870884233093,42.51398047138275,0.8987220461915941,1
82.04220933560084,3.882237232498623,446.7081418024001,41.660195211949514,0.6628901051499341,1
56.26310677984221,3.2808091884053576,212.99149759081067,32.532395904644964,0.8274413900946505,0
61.951221546206405,0.8871438473485344,480.1836682301183,21.805607530971738,0.16213324322023742,0
55.26101975505825,2.7251345944846914,332.6489171956774,16.490136819345985,0.4013101377016113,0
52.06104487002608,4.923348697622541,274.6456759075064,9.764344319590819,0.38233281228144067,0
64.77122650465743,4.6869403324855945,332.03553386778185,20.97039575689493,0.672080789757352,0
32.419219674457,0.21586867898505835,306.6793540905071,23.59276327434738,0.4203619961235765,0
34.55425043962169,0.8240740786471856,403.5105015029301,35.41203162968331,0.23365610347931273,0
88.94284968108138,0.6586438672728095,212.9984263891409,34.617192093390805,0.6368203678721893,1
95.68923697069062,3.6298995499264777,241.22015664012096,8.154866283856563,0.8329455286021733,2
49.864745302380236,4.088926649284725,457.6377210133003,22.7866691944021,0.4439111450139759,0
41.6595738514843,1.0675568315533597,478.5826052601622,13.180049024781287,0.21904184358863354,0
71.51996345912126,2.529263464759145,457.0232909945898,12.056571739256256,0.27701937758154077,1
52.698733687847714,4.203515140056,267.77919758292546,42.228596738176066,0.3137349746524456,1
22.03090845282759,3.664007723831253,412.14620120275265,6.886184752231589,0.3699078336950826,0
32.49220778929523,2.7111860274592416,290.53429332043953,23.86322941559546,0.6785155634556782,0
77.2777783077918,2.9517384522938643,299.0159408584409,12.56916450949332,0.640850936083947,1
72.71391535281211,2.5418027345814,181.87204362291357,44.56985970553133,0.7264718754103352,1
22.16767940027868,1.4877422565941028,336.45212130340656,30.06682309737658,0.4262517860783619,0
37.75777295463595,2.8251099642950805,174.45435910133918,15.412128636958162,0.8415978866919804,0
38.48598372704571,3.4444265102504534,232.62587962687752,27.609227922486937,0.2836788950401843,0
73.75141948789827,4.366614579304039,442.0120806479741,37.91688618664021,0.5221366727663386,1
21.57684302034913,3.1814567698962404,182.8303236843421,48.11531040137452,0.8208448493872873,1
28.32868655876591,3.80560768521579,128.46331406937313,14.920070191043852,0.26214278295935733,0
83.99328682985515,0.800358174772865,127.60303704512651,44.87817974582053,0.19887680236670466,1
34.28357296434669,2.3077873720989492,476.31380820124315,47.04368513753706,0.8953155709191908,1
72.21968862814998,0.04665809913546648,302.7681751847339,46.23892450394298,0.4086366964832763,1
39.05462248373812,1.233394322608115,263.7648287268073,33.59364605878594,0.7154831124181288,0
27.955311420747613,3.632308575565024,424.3514324031674,33.341929449561846,0.12281374383754463,0
39.453775279956325,4.9590497567468175,434.3303711642064,23.144478493272025,0.7210421995685047,0
77.78135454845273,0.49589049793607953,232.87641324624184,38.85790470367046,0.3844911803922735,1
88.45571744850287,2.0074715793064413,377.4472229895181,28.908230825791936,0.15016676822869757,1
86.41758916535933,4.000354843495797,408.4491263407546,35.48471320527325,0.6488314853933054,2
51.77468236947639,1.0201781731444943,361.86027474638183,24.280605673195794,0.31672343446585594,0
73.44681092565169,2.7754247465114315,160.63802992003974,37.91734088194126,0.448126517846692,1
36.39874363326568,3.665356480148374,450.3532334068228,42.101218292204706,0.17252273105786226,1
43.45181842088106,3.0799272513008953,315.6378210944035,11.589631547126725,0.2324469259854508,0
91.70686548168958,0.9401236730770807,212.98897054800148,42.48183720084026,0.3681795119462594,1
21.04015388085888,1.776922843428697,270.09127417507756,29.313343930563825,0.1807835505041414,0
26.840682468357446,3.9189589224269863,115.02843615956296,43.00996590906009,0.9197436382176837,1
36.630900411682184,2.7711325706600833,151.14672048896702,24.40857678534566,0.10544233886558058,0
22.122576309905575,0.026148067714563683,406.21870020634435,22.056821842236577,0.5354741969778802,0
34.51483480718379,3.8049538001404692,100.00465390214646,46.177732963275005,0.21092271231929632,1
66.64332487757537,0.17655677470119535,266.6263313929169,16.302617039678058,0.3769111805301537,0
53.713964047399834,3.728668913656161,309.00407243423535,42.98955463787644,0.9334536038364389,1
91.41373688615799,1.012402800826187,121.85376800038892,26.780925762923186,0.24552509794658817,1
85.39548493907527,4.790367400596901,489.23126518893315,28.134294914806688,0.9692490877464993,2
47.34538813583008,1.8397037565104224,190.45013249986877,18.88107266702678,0.2852149392904796,0
40.7538746745034,1.6346580816903955,221.67948785451233,30.786899027855704,0.7674094976201467,0
50.375392653381354,0.7444402516622234,221.5770049020109,19.63450383242951,0.5920095384075805,0
67.22359540118461,1.5280210774510743,192.16666484693997,6.767123640874354,0.8960308548370832,0
41.4450912658301,4.383253809141003,100.58952883452457,17.239937240496022,0.5985939299528179,0
69.93191262793073,4.981671688136236,391.7379176351985,5.287056953296581,0.5811032972406778,0
52.752932175299236,1.8415476525342416,486.73819991971413,49.025965417558545,0.27591220033155994,1
64.16377446815842,2.2430531547727126,189.717393314018,48.45862444188864,0.24960642584649287,1
54.890122330825335,3.6103546910136854,365.218876721369,22.781988386253726,0.9248402360039628,0
43.55726076335341,4.430978902325372,396.75853078348604,37.77668844528407,0.3950543789650307,0
95.87626455697253,2.9652216709339205,439.37015163620987,20.561274428469126,0.43487402946660636,1
81.08846353278086,1.9576284908891468,269.05167880544366,35.199192068868925,0.7838412925855496,1
31.209054061316202,2.0631092042431187,221.1723622561717,41.24435193706906,0.4049411341805267,1
89.47743807183302,3.478090732484034,230.11805360921244,47.60403101115083,0.9568562019751025,2
58.99449585996109,0.016091318021393408,385.0485332394051,23.00955241323524,0.7641349920989202,0
91.56417815152732,3.0979466872992036,426.7117866022544,40.248409233022144,0.637686318316078,2
83.98842047578522,1.777465052206787,172.64558710264106,16.966780278445345,0.8928056444902772,1
54.017080357538674,3.9709866563854215,248.37640326310608,49.564953670714175,0.1446453175145345,1
21.797544665609394,0.4649531991156608,460.77607869966005,6.159631944395802,0.3313564229702879,0
41.494188750795686,2.9410113347419524,422.6774078778957,32.15879629255044,0.518532700798819,0
63.330737172869355,2.404864449430619,493.94336110499034,34.67776917430972,0.30428068552436893,0
70.67825758609177,3.211627629526137,401.6993038728323,35.9620500683358,0.7695146685719367,1
40.631014834656185,0.32426797241484173,257.2780804111689,10.417441045509005,0.9272872279483526,0
31.14848592582593,2.899918937140656,336.2551335978551,47.23384025629087,0.4813931079378311,1
86.79441894394392,2.8074229397976187,364.4057016989281,13.153247557253726,0.4079193401007055,1
98.75217445628417,2.8033004720808545,131.38232652684957,33.02390314579284,0.9653956589238096,1
62.055214584214866,3.017438332982274,317.79878364154604,15.020423560538823,0.5003671895447868,0
33.73434286786428,3.382339686131811,383.72833138904383,18.824738765957193,0.540143560404355,0
41.784586121549516,4.024944998403849,166.92852160042415,29.590634377765596,0.41648488510771486,0
21.471254123797337,1.3491036006410717,412.25268697022284,23.773703835405943,0.9185936257109245,0
93.14390452483993,4.1252470509003105,333.50911220564467,12.210152043942783,0.6120599349536656,2
29.42008663121129,2.491278411317268,480.88871427903786,12.692138108938174,0.7859571284634802,0
66.12131804114028,0.3852913956716558,116.96891928275667,23.816515467325985,0.8306260465157977,0
41.92441765497648,0.292754646219896,206.1304550221868,39.077734022397536,0.40766413772553234,0
64.33424020126347,1.6711915934803039,340.62155171992964,45.40840910815049,0.490324898188342,1
72.11363106814915,3.9244848855573378,218.62396488237226,8.785744801672228,0.8636245969656382,1
86.37934429657614,3.5384046737045787,385.7696656284969,22.68967584017305,0.42692981650822925,2
36.513701740848255,3.943074823362032,403.6021130087724,9.51105036752945,0.8145416201066662,0
20.879666292678436,2.586345282208047,141.00638562658978,5.746661628466905,0.9468930903169934,0
30.950850405504582,2.2009949897774526,305.5417856827071,34.77734071897805,0.6608893357612062,0
92.0014913478484,0.7372626335314197,303.55622223642234,32.11022488849645,0.7674645587066999,1
89.91120620500122,1.6409637680465576,247.71230808621644,12.33586012166988,0.8245875808370214,1
67.79304817362467,2.1700968308693764,473.16994502786883,15.521577489187885,0.8605356840069782,0
68.04134883469227,0.44300214839808616,431.0025279492885,6.066848914003327,0.4555480040711164,0
73.20293396370045,1.1030597635560562,378.8837527638547,42.57262425624817,0.14613711325839837,1
34.02970228987597,2.991126470318694,385.730654293999,48.86107682218481,0.46168864411306554,1
93.15295567399679,3.678315571195949,284.68645752524765,11.095679155761086,0.7063806068056808,2
53.50164199136585,4.991737556964749,468.39780843863036,15.416384619438416,0.5053153472027135,0
50.65108225995979,4.665566656717789,377.83817090131413,44.07842857761203,0.7740668357743586,1
61.513416422627,3.2128259976759574,391.59242466232655,46.690870908028316,0.42128418652179755,1
23.757277342004404,2.10624026647036,444.6763615149381,23.883232226306465,0.6712697269936266,0
33.30266950048635,3.1808868235411634,209.6286357368764,7.278011252108335,0.2677778243685771,0
79.04268931410964,3.92825809040116,422.8283615466812,6.7726325161768735,0.7744324929804612,1
26.623893434010117,0.5916809546169366,178.09624118259683,30.82774397310547,0.5911263719317232,0
68.25216875731105,2.049524448481441,238.13678089795513,22.680279900193057,0.2836579496919405,0
39.627928774505676,4.199011428178086,234.2441817079371,6.289359240994453,0.3627200561480266,0
51.143649123358124,1.91916475966522,491.4101873556562,31.246357654065054,0.7737478377236491,0
43.09549894165599,2.8593613561359326,442.6148894991707,5.5086141465060114,0.5343411120953686,0
48.45381731719593,2.938846804310991,380.4679446361039,40.431738116717284,0.294428296353765,1
77.52367241473964,0.9223812656681968,390.82270464615607,18.78947702165172,0.9705440713332678,1
43.769737249854,1.811177208261442,324.82911776102844,6.811610135415444,0.7436125178351991,0
65.31237122375177,1.6725564437096607,478.83626684340766,31.4758499442419,0.9614213492858166,0
58.08403217592797,0.13098354266032397,298.50350115294464,22.89579864948746,0.4843945408243089,0
73.09369322901185,0.12095881945677622,252.2070839479578,48.82101860107173,0.5275903066225485,1
94.94637914598064,4.158485218378868,165.21413477263638,29.488939812666597,0.9081596945665172,2
78.60576777682002,1.3653540498640622,414.4822609044232,17.385763146665372,0.5725444062208462,1
37.19523028726054,2.5903938311940773,393.7775728302366,36.92474890852887,0.7365510207151005,0
22.494650804902776,1.4936278679438653,253.74201540965396,17.21714011442201,0.326955589745977,0
40.98112354398601,4.703396225576703,110.07736558369174,45.69094811334043,0.5020538218323765,1
67.60623445602039,1.2964837943288687,435.5989310872043,21.86248867283194,0.2111048792293196,0
24.114065078740026,2.1482840636946756,104.56719338162945,29.744085324929234,0.2853820322892655,0
59.70929977609891,4.3636512524230096,381.4799118516204,7.275789672090299,0.10084907374086799,0
67.74742791335115,4.209667833959044,488.10284389042283,24.175455707850386,0.13533854648379423,0
46.73951126535687,0.9305070892313866,275.06453125928135,42.45635928474477,0.9795554408592364,1
81.67297629966575,4.013216548978552,193.9893619983811,41.254196241350385,0.31811832562308606,1
28.527860250701742,2.290934433689463,381.9484040173527,15.094335148408682,0.6969796385536018,0
26.0110225388647,2.414844360426776,426.85125680623406,15.173558195475321,0.8551897289196504,0
78.25510049628826,0.6673998620797189,318.57212643113894,41.77873904959566,0.5955944133129079,1
59.63930529649588,0.40300756878562327,486.81411010245847,46.86792890761965,0.23783005007556057,1
75.07219171421889,3.639696534868826,120.66748866318444,9.29124145728516,0.7553047936025498,1
54.7861870882997,2.482305761776499,301.91823932181126,25.252638774180138,0.6402262690896248,0
39.712162659128545,2.1842535130758978,387.38157892902,20.185442553390303,0.7581255304126375,0
85.52818541393597,3.6475411432619835,445.0561884596716,44.18098049558477,0.7927719605713784,2
83.95327031751833,3.8275644949555487,171.70224476311603,8.758621160600844,0.9778693309162706,1
75.57571766835414,0.7945408383467678,420.00139270547254,14.500667415111684,0.616206952024039,1
41.771610978397014,3.0511257473882063,321.0828302874181,38.861075191392246,0.40747700142154164,0
67.21845334952697,0.6767704113884276,258.62147279598526,7.308223204154701,0.6836181012102134,0
48.87791175520214,3.7568754301452283,152.68601143163744,27.16409213214302,0.16159663831836352,0
27.326565866130732,3.2847757813356977,446.11830356356495,24.8948165605874,0.9076575864894276,0
93.38508603697943,4.78307310541729,162.90928327188612,20.04805305449369,0.2074429102043771,2
30.945490473516912,0.3447900817821059,223.9151436836397,22.75575418935157,0.39505855409723645,0
96.0189883056642,0.2852736057562716,216.01821278497476,28.847326411860482,0.8341708425635088,1
55.68046183663646,1.4109353734660006,448.56561367634174,12.261531127477241,0.6375811404976406,0
